frontend_api_id,http_method,frontend_path,backend_api_ids,match_status,frontend_source
FEAPI-0001,GET,/approval/templates,BEAPI-0011,exact-candidate,erp-ui/src/api/approval/definition.js:6
FEAPI-0002,GET,/approval/templates/{templateId},BEAPI-0012,exact-candidate,erp-ui/src/api/approval/definition.js:10
FEAPI-0003,GET,/approval/rules,BEAPI-0013,exact-candidate,erp-ui/src/api/approval/definition.js:14
FEAPI-0004,GET,/approval/rules/{ruleId},BEAPI-0014,exact-candidate,erp-ui/src/api/approval/definition.js:18
FEAPI-0005,POST,/approval/rules,BEAPI-0015,exact-candidate,erp-ui/src/api/approval/definition.js:22
FEAPI-0006,PUT,/approval/rules/{ruleId},BEAPI-0016,exact-candidate,erp-ui/src/api/approval/definition.js:26
FEAPI-0007,POST,/approval/rules/{ruleId}/drafts,BEAPI-0017,exact-candidate,erp-ui/src/api/approval/definition.js:30
FEAPI-0008,PUT,/approval/versions/{versionId},BEAPI-0018,exact-candidate,erp-ui/src/api/approval/definition.js:34
FEAPI-0009,POST,/approval/versions/{versionId}/publish,BEAPI-0019,exact-candidate,erp-ui/src/api/approval/definition.js:38
FEAPI-0010,POST,/approval/rules/{ruleId}/disable,BEAPI-0021,exact-candidate,erp-ui/src/api/approval/definition.js:42
FEAPI-0011,POST,/approval/versions/{versionId}/preview,BEAPI-0020,exact-candidate,erp-ui/src/api/approval/definition.js:46
FEAPI-0012,GET,/approval/instances,BEAPI-0029,exact-candidate,erp-ui/src/api/approval/monitor.js:6
FEAPI-0013,GET,/approval/instances/{instanceId},BEAPI-0030,exact-candidate,erp-ui/src/api/approval/monitor.js:10
FEAPI-0014,GET,/approval/legacy/templates,BEAPI-0026,exact-candidate,erp-ui/src/api/approval/monitor.js:14
FEAPI-0015,GET,/approval/legacy/instances,BEAPI-0027,exact-candidate,erp-ui/src/api/approval/monitor.js:18
FEAPI-0016,GET,/approval/legacy/instances/{businessCode}/{legacyInstanceId},BEAPI-0028,exact-candidate,erp-ui/src/api/approval/monitor.js:23
FEAPI-0017,POST,/approval/instances/{instanceId}/terminate,BEAPI-0031,exact-candidate,erp-ui/src/api/approval/monitor.js:29
FEAPI-0018,POST,/approval/tasks/{taskId}/reassign,BEAPI-0035,exact-candidate,erp-ui/src/api/approval/monitor.js:33
FEAPI-0019,POST,/approval/callbacks/{outboxId}/replay,BEAPI-0010,exact-candidate,erp-ui/src/api/approval/monitor.js:37
FEAPI-0020,POST,/approval/tasks/{taskId}/{action},,unmatched-needs-review,erp-ui/src/api/approval/task.js:7
FEAPI-0021,GET,/approval/validation/runs,BEAPI-0039,exact-candidate,erp-ui/src/api/approval/validation.js:6
FEAPI-0022,GET,/approval/validation/runs/{runId},BEAPI-0040,exact-candidate,erp-ui/src/api/approval/validation.js:10
FEAPI-0023,POST,/approval/validation/run,BEAPI-0041,exact-candidate,erp-ui/src/api/approval/validation.js:14
FEAPI-0024,GET,/file/drive/admin/status,BEAPI-0046,exact-candidate,erp-ui/src/api/drive/admin.js:6
FEAPI-0025,GET,/file/drive/admin/quota/overview,BEAPI-0044,exact-candidate,erp-ui/src/api/drive/admin.js:10
FEAPI-0026,GET,/file/drive/admin/quota/capacity,BEAPI-0045,exact-candidate,erp-ui/src/api/drive/admin.js:14
FEAPI-0027,PUT,/file/drive/admin/quota/capacity,BEAPI-0047,exact-candidate,erp-ui/src/api/drive/admin.js:18
FEAPI-0028,GET,/file/drive/admin/quota/personal-policies,BEAPI-0048,exact-candidate,erp-ui/src/api/drive/admin.js:22
FEAPI-0029,GET,/file/drive/admin/quota/posts,BEAPI-0049,exact-candidate,erp-ui/src/api/drive/admin.js:26
FEAPI-0030,GET,/file/drive/admin/organizations/type-rules,BEAPI-0054,exact-candidate,erp-ui/src/api/drive/admin.js:30
FEAPI-0031,PUT,/file/drive/admin/organizations/type-rules/{deptType},BEAPI-0055,exact-candidate,erp-ui/src/api/drive/admin.js:35
FEAPI-0032,PUT,/file/drive/admin/quota/personal-policies/{subjectType}/{subjectId},BEAPI-0050,exact-candidate,erp-ui/src/api/drive/admin.js:44
FEAPI-0033,DELETE,/file/drive/admin/quota/personal-policies/{subjectType}/{subjectId},BEAPI-0051,exact-candidate,erp-ui/src/api/drive/admin.js:53
FEAPI-0034,GET,/file/drive/admin/quota/users,BEAPI-0052,exact-candidate,erp-ui/src/api/drive/admin.js:61
FEAPI-0035,GET,/file/drive/admin/organizations,BEAPI-0053,exact-candidate,erp-ui/src/api/drive/admin.js:65
FEAPI-0036,PUT,/file/drive/admin/organizations/{deptId},BEAPI-0057,exact-candidate,erp-ui/src/api/drive/admin.js:70
FEAPI-0037,POST,/file/drive/admin/organizations/batch,BEAPI-0056,exact-candidate,erp-ui/src/api/drive/admin.js:78
FEAPI-0038,POST,/file/drive/admin/quota/impact,BEAPI-0058,exact-candidate,erp-ui/src/api/drive/admin.js:82
FEAPI-0039,POST,/file/drive/admin/organizations/reconcile,BEAPI-0059,exact-candidate,erp-ui/src/api/drive/admin.js:86
FEAPI-0040,GET,/file/drive/spaces,BEAPI-0075,exact-candidate,erp-ui/src/api/drive/index.js:5
FEAPI-0041,GET,/file/drive/nodes,BEAPI-0063,exact-candidate,erp-ui/src/api/drive/index.js:13
FEAPI-0042,GET,/file/drive/nodes/{nodeId},BEAPI-0064,exact-candidate,erp-ui/src/api/drive/index.js:22
FEAPI-0043,POST,/file/drive/folders,BEAPI-0065,exact-candidate,erp-ui/src/api/drive/index.js:30
FEAPI-0044,POST,/file/drive/files,BEAPI-0066,exact-candidate,erp-ui/src/api/drive/index.js:43
FEAPI-0045,PUT,/file/drive/nodes/{nodeId}/name,BEAPI-0067,exact-candidate,erp-ui/src/api/drive/index.js:56
FEAPI-0046,PUT,/file/drive/nodes/{nodeId}/move,BEAPI-0068,exact-candidate,erp-ui/src/api/drive/index.js:65
FEAPI-0047,DELETE,/file/drive/nodes/{nodeId},BEAPI-0070,exact-candidate,erp-ui/src/api/drive/index.js:74
FEAPI-0048,GET,/file/drive/recent,BEAPI-0069,exact-candidate,erp-ui/src/api/drive/index.js:83
FEAPI-0049,GET,/file/drive/trash,BEAPI-0071,exact-candidate,erp-ui/src/api/drive/index.js:92
FEAPI-0050,POST,/file/drive/trash/{nodeId}/restore,BEAPI-0072,exact-candidate,erp-ui/src/api/drive/index.js:101
FEAPI-0051,DELETE,/file/drive/trash/{nodeId},BEAPI-0073,exact-candidate,erp-ui/src/api/drive/index.js:109
FEAPI-0052,DELETE,/file/drive/trash,BEAPI-0074,exact-candidate,erp-ui/src/api/drive/index.js:117
FEAPI-0053,GET,/file/drive/nodes/{nodeId}/content,BEAPI-0062,exact-candidate,erp-ui/src/api/drive/index.js:126
FEAPI-0054,PUT,/file/drive/spaces/{spaceId}/quota,BEAPI-0076,exact-candidate,erp-ui/src/api/drive/index.js:137
FEAPI-0055,GET,/system/hr/completeness/summary,BEAPI-0408,exact-candidate,erp-ui/src/api/hr/completeness.js:4
FEAPI-0056,GET,/system/hr/completeness/employees,BEAPI-0409,exact-candidate,erp-ui/src/api/hr/completeness.js:10
FEAPI-0057,GET,/system/hr/completeness/departments,BEAPI-0410,exact-candidate,erp-ui/src/api/hr/completeness.js:16
FEAPI-0058,GET,/system/hr/completeness/master-data/summary,BEAPI-0445,exact-candidate,erp-ui/src/api/hr/completeness.js:22
FEAPI-0059,GET,/system/hr/completeness/master-data/issues,BEAPI-0446,exact-candidate,erp-ui/src/api/hr/completeness.js:28
FEAPI-0060,GET,/system/hr/completeness/master-data/codes,BEAPI-0447,exact-candidate,erp-ui/src/api/hr/completeness.js:34
FEAPI-0061,GET,/system/hr/employee/list,BEAPI-0411,exact-candidate,erp-ui/src/api/hr/employee.js:6
FEAPI-0062,GET,/system/hr/employee/summary,BEAPI-0412,exact-candidate,erp-ui/src/api/hr/employee.js:12
FEAPI-0063,GET,/system/hr/employee/form-options,BEAPI-0413,exact-candidate,erp-ui/src/api/hr/employee.js:18
FEAPI-0064,GET,/system/hr/employee/{userId},BEAPI-0416,exact-candidate,erp-ui/src/api/hr/employee.js:23
FEAPI-0065,POST,/system/hr/employee/{userId}/profile/initialize,BEAPI-0415,exact-candidate,erp-ui/src/api/hr/employee.js:28
FEAPI-0066,GET,/system/hr/employee/transfer/business-date,BEAPI-0423,exact-candidate,erp-ui/src/api/hr/employee.js:34
FEAPI-0067,POST,/system/hr/employee/{userId}/transfer,BEAPI-0424,exact-candidate,erp-ui/src/api/hr/employee.js:39
FEAPI-0068,GET,/system/hr/employee/offboard/business-date,BEAPI-0425,exact-candidate,erp-ui/src/api/hr/employee.js:46
FEAPI-0069,POST,/system/hr/employee/{userId}/offboard,BEAPI-0426,exact-candidate,erp-ui/src/api/hr/employee.js:51
FEAPI-0070,PATCH,/system/hr/employee/{userId},BEAPI-0418,exact-candidate,erp-ui/src/api/hr/employee.js:61
FEAPI-0071,POST,/system/hr/employee/derived-preview,BEAPI-0414,exact-candidate,erp-ui/src/api/hr/employee.js:69
FEAPI-0072,POST,/system/hr/employee/{userId}/sensitive/reveal,BEAPI-0428,exact-candidate,erp-ui/src/api/hr/employee.js:76
FEAPI-0073,POST,/system/hr/employee/export-sensitive,BEAPI-0429,exact-candidate,erp-ui/src/api/hr/employee.js:83
FEAPI-0074,GET,/system/hr/health-certificate/capability,BEAPI-0435,exact-candidate,erp-ui/src/api/hr/healthCertificate.js:4
FEAPI-0075,GET,/system/hr/health-certificate/me,BEAPI-0436,exact-candidate,erp-ui/src/api/hr/healthCertificate.js:8
FEAPI-0076,POST,/system/hr/health-certificate/me/draft,BEAPI-0437,exact-candidate,erp-ui/src/api/hr/healthCertificate.js:12
FEAPI-0077,POST,/system/hr/health-certificate/me/submit,BEAPI-0438,exact-candidate,erp-ui/src/api/hr/healthCertificate.js:16
FEAPI-0078,POST,/system/hr/health-certificate/me/{certificateId}/withdraw,BEAPI-0439,exact-candidate,erp-ui/src/api/hr/healthCertificate.js:20
FEAPI-0079,GET,/system/hr/health-certificate/list,BEAPI-0440,exact-candidate,erp-ui/src/api/hr/healthCertificate.js:24
FEAPI-0080,GET,/system/hr/health-certificate/ops-summary,BEAPI-0441,exact-candidate,erp-ui/src/api/hr/healthCertificate.js:28
FEAPI-0081,GET,/system/hr/health-certificate/employee/{userId},BEAPI-0442,exact-candidate,erp-ui/src/api/hr/healthCertificate.js:32
FEAPI-0082,POST,/system/hr/health-certificate/{certificateId}/review,BEAPI-0444,exact-candidate,erp-ui/src/api/hr/healthCertificate.js:36
FEAPI-0083,GET,/system/hr/health-certificate/{certificateId}/attachment,BEAPI-0443,exact-candidate,erp-ui/src/api/hr/healthCertificate.js:40
FEAPI-0084,POST,/system/hr/employee/importData,BEAPI-0430,exact-candidate,erp-ui/src/api/hr/legacyEmployeeImport.js:1
FEAPI-0085,POST,/system/hr/employee/importTemplate,BEAPI-0431,exact-candidate,erp-ui/src/api/hr/legacyEmployeeImport.js:2
FEAPI-0086,GET,/system/hr/onboarding/list,BEAPI-0449,exact-candidate,erp-ui/src/api/hr/onboarding.js:3
FEAPI-0087,GET,/system/hr/onboarding/summary,BEAPI-0450,exact-candidate,erp-ui/src/api/hr/onboarding.js:4
FEAPI-0088,GET,/system/hr/onboarding/{id},BEAPI-0453,exact-candidate,erp-ui/src/api/hr/onboarding.js:5
FEAPI-0089,POST,/system/hr/onboarding,BEAPI-0452,exact-candidate,erp-ui/src/api/hr/onboarding.js:6
FEAPI-0090,PUT,/system/hr/onboarding/{id},BEAPI-0456,exact-candidate,erp-ui/src/api/hr/onboarding.js:7
FEAPI-0091,POST,/system/hr/onboarding/{id}/ready,BEAPI-0457,exact-candidate,erp-ui/src/api/hr/onboarding.js:8
FEAPI-0092,POST,/system/hr/onboarding/{id}/return-to-draft,BEAPI-0458,exact-candidate,erp-ui/src/api/hr/onboarding.js:9
FEAPI-0093,GET,/system/hr/onboarding/{id}/conflicts,BEAPI-0454,exact-candidate,erp-ui/src/api/hr/onboarding.js:10
FEAPI-0094,POST,/system/hr/onboarding/{id}/confirm,BEAPI-0455,exact-candidate,erp-ui/src/api/hr/onboarding.js:11
FEAPI-0095,POST,/system/hr/onboarding/{id}/cancel,BEAPI-0459,exact-candidate,erp-ui/src/api/hr/onboarding.js:12
FEAPI-0096,POST,/system/hr/onboarding/{id}/restore,BEAPI-0460,exact-candidate,erp-ui/src/api/hr/onboarding.js:13
FEAPI-0097,GET,/system/hr/onboarding/form-options,BEAPI-0451,exact-candidate,erp-ui/src/api/hr/onboarding.js:14
FEAPI-0098,GET,/system/hr/onboarding/config/list,BEAPI-0466,exact-candidate,erp-ui/src/api/hr/onboarding.js:15
FEAPI-0099,GET,/system/hr/onboarding/config/{id},BEAPI-0467,exact-candidate,erp-ui/src/api/hr/onboarding.js:16
FEAPI-0100,POST,/system/hr/onboarding/config,BEAPI-0468,exact-candidate,erp-ui/src/api/hr/onboarding.js:17
FEAPI-0101,PUT,/system/hr/onboarding/config/{id},BEAPI-0469,exact-candidate,erp-ui/src/api/hr/onboarding.js:18
FEAPI-0102,POST,/system/hr/onboarding/config/{id}/disable,BEAPI-0470,exact-candidate,erp-ui/src/api/hr/onboarding.js:19
FEAPI-0103,GET,/system/hr/onboarding/config/options,BEAPI-0471,exact-candidate,erp-ui/src/api/hr/onboarding.js:20
FEAPI-0104,POST,/system/hr/onboarding/import/preview,BEAPI-0461,exact-candidate,erp-ui/src/api/hr/onboarding.js:22
FEAPI-0105,GET,/system/hr/onboarding/import/{id},BEAPI-0462,exact-candidate,erp-ui/src/api/hr/onboarding.js:29
FEAPI-0106,POST,/system/hr/onboarding/import/{id}/confirm,BEAPI-0463,exact-candidate,erp-ui/src/api/hr/onboarding.js:30
FEAPI-0107,GET,/system/hr/onboarding/import/template,BEAPI-0464,exact-candidate,erp-ui/src/api/hr/onboarding.js:31
FEAPI-0108,GET,/system/hr/onboarding/import/{id}/errors,BEAPI-0465,exact-candidate,erp-ui/src/api/hr/onboarding.js:32
FEAPI-0109,GET,/system/hr/team/list,BEAPI-0472,exact-candidate,erp-ui/src/api/hr/team.js:4
FEAPI-0110,GET,/system/hr/team/{userId},BEAPI-0473,exact-candidate,erp-ui/src/api/hr/team.js:8
FEAPI-0111,GET,/inventory/category/tree,BEAPI-0148,exact-candidate,erp-ui/src/api/inventory/category.js:5
FEAPI-0112,GET,/inventory/category/{categoryId},BEAPI-0149,exact-candidate,erp-ui/src/api/inventory/category.js:10
FEAPI-0113,POST,/inventory/category,BEAPI-0150,exact-candidate,erp-ui/src/api/inventory/category.js:15
FEAPI-0114,POST,/inventory/category/update,BEAPI-0151,exact-candidate,erp-ui/src/api/inventory/category.js:20
FEAPI-0115,DELETE,/inventory/category/{categoryId},BEAPI-0152,exact-candidate,erp-ui/src/api/inventory/category.js:25
FEAPI-0116,GET,/inventory/customer/list,BEAPI-0099,exact-candidate,erp-ui/src/api/inventory/customer.js:5
FEAPI-0117,GET,/inventory/customer/{customerId},BEAPI-0100,exact-candidate,erp-ui/src/api/inventory/customer.js:10
FEAPI-0118,POST,/inventory/customer,BEAPI-0101,exact-candidate,erp-ui/src/api/inventory/customer.js:15
FEAPI-0119,POST,/inventory/customer/update,BEAPI-0102,exact-candidate,erp-ui/src/api/inventory/customer.js:20
FEAPI-0120,DELETE,/inventory/customer/{customerIds},BEAPI-0103,exact-candidate,erp-ui/src/api/inventory/customer.js:25
FEAPI-0121,GET,/inventory/customer/options,BEAPI-0089,exact-candidate,erp-ui/src/api/inventory/customer.js:29
FEAPI-0122,GET,/inventory/customer/service-card/list,BEAPI-0090,exact-candidate,erp-ui/src/api/inventory/customer.js:33
FEAPI-0123,GET,/inventory/customer/service-card/audit,BEAPI-0091,exact-candidate,erp-ui/src/api/inventory/customer.js:37
FEAPI-0124,GET,/inventory/customer/service-card/ops-summary,BEAPI-0092,exact-candidate,erp-ui/src/api/inventory/customer.js:41
FEAPI-0125,GET,/inventory/customer/service-card/{customerId},BEAPI-0093,exact-candidate,erp-ui/src/api/inventory/customer.js:45
FEAPI-0126,GET,/inventory/customer/service-card/{customerId}/photo,BEAPI-0094,exact-candidate,erp-ui/src/api/inventory/customer.js:50
FEAPI-0127,POST,/inventory/customer/service-card,BEAPI-0095,exact-candidate,erp-ui/src/api/inventory/customer.js:60
FEAPI-0128,PUT,/inventory/customer/service-card/{customerId},BEAPI-0096,exact-candidate,erp-ui/src/api/inventory/customer.js:64
FEAPI-0129,POST,/inventory/customer/service-card/{customerId}/records,BEAPI-0097,exact-candidate,erp-ui/src/api/inventory/customer.js:68
FEAPI-0130,POST,/inventory/customer/service-card/{customerId}/archive,BEAPI-0098,exact-candidate,erp-ui/src/api/inventory/customer.js:72
FEAPI-0131,GET,/inventory/deliveryNotice/list,BEAPI-0105,exact-candidate,erp-ui/src/api/inventory/deliveryNotice.js:5
FEAPI-0132,GET,/inventory/deliveryNotice/{noticeId},BEAPI-0106,exact-candidate,erp-ui/src/api/inventory/deliveryNotice.js:10
FEAPI-0133,POST,/inventory/deliveryNotice/create/{salesOrderId},BEAPI-0107,exact-candidate,erp-ui/src/api/inventory/deliveryNotice.js:15
FEAPI-0134,POST,/inventory/deliveryNotice/deliver/{noticeId},BEAPI-0108,exact-candidate,erp-ui/src/api/inventory/deliveryNotice.js:20
FEAPI-0135,DELETE,/inventory/deliveryNotice/{noticeId},BEAPI-0109,exact-candidate,erp-ui/src/api/inventory/deliveryNotice.js:25
FEAPI-0136,GET,/inventory/gift/list,BEAPI-0117,exact-candidate,erp-ui/src/api/inventory/gift.js:4
FEAPI-0137,GET,/inventory/gift/{giftId},BEAPI-0118,exact-candidate,erp-ui/src/api/inventory/gift.js:8
FEAPI-0138,POST,/inventory/gift,BEAPI-0119,exact-candidate,erp-ui/src/api/inventory/gift.js:12
FEAPI-0139,POST,/inventory/gift/update,BEAPI-0120,exact-candidate,erp-ui/src/api/inventory/gift.js:16
FEAPI-0140,DELETE,/inventory/gift/{giftIds},BEAPI-0121,exact-candidate,erp-ui/src/api/inventory/gift.js:20
FEAPI-0141,POST,/inventory/gift/importData,BEAPI-0123,exact-candidate,erp-ui/src/api/inventory/gift.js:24
FEAPI-0142,POST,/inventory/gift/importTemplate,BEAPI-0124,exact-candidate,erp-ui/src/api/inventory/gift.js:28
FEAPI-0143,GET,/inventory/gift/category/tree,BEAPI-0112,exact-candidate,erp-ui/src/api/inventory/gift.js:32
FEAPI-0144,GET,/inventory/gift/category/{categoryId},BEAPI-0113,exact-candidate,erp-ui/src/api/inventory/gift.js:36
FEAPI-0145,POST,/inventory/gift/category,BEAPI-0114,exact-candidate,erp-ui/src/api/inventory/gift.js:40
FEAPI-0146,POST,/inventory/gift/category/update,BEAPI-0115,exact-candidate,erp-ui/src/api/inventory/gift.js:44
FEAPI-0147,DELETE,/inventory/gift/category/{categoryId},BEAPI-0116,exact-candidate,erp-ui/src/api/inventory/gift.js:48
FEAPI-0148,GET,/inventory/mobile/options/{type},BEAPI-0125,exact-candidate,erp-ui/src/api/inventory/mobile.js:5
FEAPI-0149,GET,/inventory/mobile/workbench/summary,BEAPI-0126,exact-candidate,erp-ui/src/api/inventory/mobile.js:13
FEAPI-0150,GET,/inventory/mobile/transfer-approval/todo,BEAPI-0127,exact-candidate,erp-ui/src/api/inventory/mobile.js:21
FEAPI-0151,GET,/inventory/oe/list,BEAPI-0133,exact-candidate,erp-ui/src/api/inventory/oe.js:4
FEAPI-0152,GET,/inventory/oe/{oeItemId},BEAPI-0134,exact-candidate,erp-ui/src/api/inventory/oe.js:8
FEAPI-0153,POST,/inventory/oe,BEAPI-0135,exact-candidate,erp-ui/src/api/inventory/oe.js:12
FEAPI-0154,POST,/inventory/oe/update,BEAPI-0136,exact-candidate,erp-ui/src/api/inventory/oe.js:16
FEAPI-0155,DELETE,/inventory/oe/{oeItemIds},BEAPI-0137,exact-candidate,erp-ui/src/api/inventory/oe.js:20
FEAPI-0156,POST,/inventory/oe/importData,BEAPI-0139,exact-candidate,erp-ui/src/api/inventory/oe.js:24
FEAPI-0157,POST,/inventory/oe/importTemplate,BEAPI-0140,exact-candidate,erp-ui/src/api/inventory/oe.js:28
FEAPI-0158,GET,/inventory/oe/category/tree,BEAPI-0128,exact-candidate,erp-ui/src/api/inventory/oe.js:32
FEAPI-0159,GET,/inventory/oe/category/{categoryId},BEAPI-0129,exact-candidate,erp-ui/src/api/inventory/oe.js:36
FEAPI-0160,POST,/inventory/oe/category,BEAPI-0130,exact-candidate,erp-ui/src/api/inventory/oe.js:40
FEAPI-0161,POST,/inventory/oe/category/update,BEAPI-0131,exact-candidate,erp-ui/src/api/inventory/oe.js:44
FEAPI-0162,DELETE,/inventory/oe/category/{categoryId},BEAPI-0132,exact-candidate,erp-ui/src/api/inventory/oe.js:48
FEAPI-0163,GET,/inventory/oeReplenishment/list,BEAPI-0141,exact-candidate,erp-ui/src/api/inventory/oeReplenishment.js:4
FEAPI-0164,GET,/inventory/oeReplenishment/ops-stats,BEAPI-0142,exact-candidate,erp-ui/src/api/inventory/oeReplenishment.js:8
FEAPI-0165,GET,/inventory/oeReplenishment/{demandId},BEAPI-0143,exact-candidate,erp-ui/src/api/inventory/oeReplenishment.js:12
FEAPI-0166,POST,/inventory/oeReplenishment/{demandId}/transfers,BEAPI-0146,exact-candidate,erp-ui/src/api/inventory/oeReplenishment.js:16
FEAPI-0167,POST,/inventory/oeReplenishment/{demandId}/out-of-stock,BEAPI-0144,exact-candidate,erp-ui/src/api/inventory/oeReplenishment.js:20
FEAPI-0168,POST,/inventory/oeReplenishment/{demandId}/close,BEAPI-0145,exact-candidate,erp-ui/src/api/inventory/oeReplenishment.js:24
FEAPI-0169,GET,/inventory/product/list,BEAPI-0153,exact-candidate,erp-ui/src/api/inventory/product.js:5
FEAPI-0170,GET,/inventory/product/{productId},BEAPI-0154,exact-candidate,erp-ui/src/api/inventory/product.js:10
FEAPI-0171,POST,/inventory/product,BEAPI-0155,exact-candidate,erp-ui/src/api/inventory/product.js:15
FEAPI-0172,POST,/inventory/product/update,BEAPI-0156,exact-candidate,erp-ui/src/api/inventory/product.js:20
FEAPI-0173,DELETE,/inventory/product/{productIds},BEAPI-0157,exact-candidate,erp-ui/src/api/inventory/product.js:25
FEAPI-0174,POST,/inventory/product/importData,BEAPI-0159,exact-candidate,erp-ui/src/api/inventory/product.js:30
FEAPI-0175,POST,/inventory/product/importTemplate,BEAPI-0160,exact-candidate,erp-ui/src/api/inventory/product.js:35
FEAPI-0176,POST,/inventory/purchase/save,BEAPI-0161,exact-candidate,erp-ui/src/api/inventory/purchase.js:5
FEAPI-0177,POST,/inventory/purchase/submit,BEAPI-0162,exact-candidate,erp-ui/src/api/inventory/purchase.js:10
FEAPI-0178,GET,/inventory/purchase/list,BEAPI-0164,exact-candidate,erp-ui/src/api/inventory/purchase.js:15
FEAPI-0179,GET,/inventory/purchase/my,BEAPI-0165,exact-candidate,erp-ui/src/api/inventory/purchase.js:20
FEAPI-0180,GET,/inventory/purchase/{orderId},BEAPI-0166,exact-candidate,erp-ui/src/api/inventory/purchase.js:25
FEAPI-0181,POST,/inventory/purchase/receive/{orderId},BEAPI-0171,exact-candidate,erp-ui/src/api/inventory/purchase.js:30
FEAPI-0182,POST,/inventory/purchase/qc/{orderId},BEAPI-0175,exact-candidate,erp-ui/src/api/inventory/purchase.js:35
FEAPI-0183,GET,/inventory/purchase/{orderId}/receipt-batches/pending,BEAPI-0173,exact-candidate,erp-ui/src/api/inventory/purchase.js:40
FEAPI-0184,POST,/inventory/purchase/qc/batch/{orderId},BEAPI-0174,exact-candidate,erp-ui/src/api/inventory/purchase.js:45
FEAPI-0185,DELETE,/inventory/purchase/{orderId},BEAPI-0177,exact-candidate,erp-ui/src/api/inventory/purchase.js:50
FEAPI-0186,DELETE,/inventory/purchase/delete/{orderId},BEAPI-0176,exact-candidate,erp-ui/src/api/inventory/purchase.js:55
FEAPI-0187,GET,/inventory/purchaseReturn/list,BEAPI-0179,exact-candidate,erp-ui/src/api/inventory/purchaseReturn.js:5
FEAPI-0188,GET,/inventory/purchaseReturn/my,BEAPI-0180,exact-candidate,erp-ui/src/api/inventory/purchaseReturn.js:10
FEAPI-0189,GET,/inventory/purchaseReturn/{returnId},BEAPI-0183,exact-candidate,erp-ui/src/api/inventory/purchaseReturn.js:15
FEAPI-0190,POST,/inventory/purchaseReturn/save,BEAPI-0184,exact-candidate,erp-ui/src/api/inventory/purchaseReturn.js:20
FEAPI-0191,POST,/inventory/purchaseReturn/submit,BEAPI-0185,exact-candidate,erp-ui/src/api/inventory/purchaseReturn.js:25
FEAPI-0192,POST,/inventory/purchaseReturn/confirm/{returnId},BEAPI-0187,exact-candidate,erp-ui/src/api/inventory/purchaseReturn.js:30
FEAPI-0193,DELETE,/inventory/purchaseReturn/{returnId},BEAPI-0188,exact-candidate,erp-ui/src/api/inventory/purchaseReturn.js:35
FEAPI-0194,GET,/inventory/report/summary,BEAPI-0190,exact-candidate,erp-ui/src/api/inventory/report.js:5
FEAPI-0195,GET,/inventory/report/stock-warning,BEAPI-0191,exact-candidate,erp-ui/src/api/inventory/report.js:10
FEAPI-0196,POST,/inventory/sales/save,BEAPI-0194,exact-candidate,erp-ui/src/api/inventory/sales.js:5
FEAPI-0197,POST,/inventory/sales/submit,BEAPI-0195,exact-candidate,erp-ui/src/api/inventory/sales.js:10
FEAPI-0198,GET,/inventory/sales/list,BEAPI-0196,exact-candidate,erp-ui/src/api/inventory/sales.js:15
FEAPI-0199,GET,/inventory/sales/my,BEAPI-0197,exact-candidate,erp-ui/src/api/inventory/sales.js:20
FEAPI-0200,GET,/inventory/sales/{orderId},BEAPI-0198,exact-candidate,erp-ui/src/api/inventory/sales.js:25
FEAPI-0201,DELETE,/inventory/sales/{orderId},BEAPI-0200,exact-candidate,erp-ui/src/api/inventory/sales.js:30
FEAPI-0202,GET,/inventory/salesReturn/list,BEAPI-0202,exact-candidate,erp-ui/src/api/inventory/salesReturn.js:5
FEAPI-0203,GET,/inventory/salesReturn/my,BEAPI-0203,exact-candidate,erp-ui/src/api/inventory/salesReturn.js:10
FEAPI-0204,GET,/inventory/salesReturn/{returnId},BEAPI-0204,exact-candidate,erp-ui/src/api/inventory/salesReturn.js:15
FEAPI-0205,POST,/inventory/salesReturn/save,BEAPI-0205,exact-candidate,erp-ui/src/api/inventory/salesReturn.js:20
FEAPI-0206,POST,/inventory/salesReturn/submit,BEAPI-0206,exact-candidate,erp-ui/src/api/inventory/salesReturn.js:25
FEAPI-0207,POST,/inventory/salesReturn/confirm/{returnId},BEAPI-0207,exact-candidate,erp-ui/src/api/inventory/salesReturn.js:30
FEAPI-0208,DELETE,/inventory/salesReturn/{returnId},BEAPI-0208,exact-candidate,erp-ui/src/api/inventory/salesReturn.js:35
FEAPI-0209,GET,/inventory/stock/list,BEAPI-0229,exact-candidate,erp-ui/src/api/inventory/stock.js:5
FEAPI-0210,GET,/inventory/stock/summary,BEAPI-0230,exact-candidate,erp-ui/src/api/inventory/stock.js:10
FEAPI-0211,GET,/inventory/stock/{stockId},BEAPI-0231,exact-candidate,erp-ui/src/api/inventory/stock.js:15
FEAPI-0212,POST,/inventory/stock/adjust,BEAPI-0233,exact-candidate,erp-ui/src/api/inventory/stock.js:20
FEAPI-0213,GET,/inventory/stock/log/list,BEAPI-0234,exact-candidate,erp-ui/src/api/inventory/stock.js:25
FEAPI-0214,GET,/inventory/stockCheck/list,BEAPI-0213,exact-candidate,erp-ui/src/api/inventory/stockCheck.js:5
FEAPI-0215,GET,/inventory/stockCheck/{checkId},BEAPI-0214,exact-candidate,erp-ui/src/api/inventory/stockCheck.js:10
FEAPI-0216,POST,/inventory/stockCheck/create,BEAPI-0215,exact-candidate,erp-ui/src/api/inventory/stockCheck.js:15
FEAPI-0217,GET,/inventory/stockCheck/counter-candidates,BEAPI-0216,exact-candidate,erp-ui/src/api/inventory/stockCheck.js:20
FEAPI-0218,PUT,/inventory/stockCheck/{checkId}/assignment,BEAPI-0217,exact-candidate,erp-ui/src/api/inventory/stockCheck.js:25
FEAPI-0219,POST,/inventory/stockCheck/input/{checkId},BEAPI-0218,exact-candidate,erp-ui/src/api/inventory/stockCheck.js:30
FEAPI-0220,POST,/inventory/stockCheck/submit/{checkId},BEAPI-0219,exact-candidate,erp-ui/src/api/inventory/stockCheck.js:35
FEAPI-0221,POST,/inventory/stockCheck/restart/{checkId},BEAPI-0220,exact-candidate,erp-ui/src/api/inventory/stockCheck.js:40
FEAPI-0222,GET,/inventory/stockCheck/approval/todo,BEAPI-0221,exact-candidate,erp-ui/src/api/inventory/stockCheck.js:45
FEAPI-0223,POST,/inventory/stockCheck/approval/{checkId}/approve,BEAPI-0222,exact-candidate,erp-ui/src/api/inventory/stockCheck.js:50
FEAPI-0224,POST,/inventory/stockCheck/approval/{checkId}/reject,BEAPI-0223,exact-candidate,erp-ui/src/api/inventory/stockCheck.js:55
FEAPI-0225,GET,/inventory/stockCheck/{checkId}/approval-track,BEAPI-0224,exact-candidate,erp-ui/src/api/inventory/stockCheck.js:60
FEAPI-0226,POST,/inventory/stockCheck/cancel/{checkId},BEAPI-0225,exact-candidate,erp-ui/src/api/inventory/stockCheck.js:65
FEAPI-0227,POST,/inventory/stockCheck/{checkId}/withdraw,BEAPI-0226,exact-candidate,erp-ui/src/api/inventory/stockCheck.js:70
FEAPI-0228,DELETE,/inventory/stockCheck/{checkIds},BEAPI-0227,exact-candidate,erp-ui/src/api/inventory/stockCheck.js:75
FEAPI-0229,GET,/inventory/supplier/list,BEAPI-0237,exact-candidate,erp-ui/src/api/inventory/supplier.js:5
FEAPI-0230,GET,/inventory/supplier/{supplierId},BEAPI-0238,exact-candidate,erp-ui/src/api/inventory/supplier.js:10
FEAPI-0231,GET,/inventory/supplier/{supplierId}/products,BEAPI-0239,exact-candidate,erp-ui/src/api/inventory/supplier.js:15
FEAPI-0232,POST,/inventory/supplier,BEAPI-0240,exact-candidate,erp-ui/src/api/inventory/supplier.js:20
FEAPI-0233,POST,/inventory/supplier/update,BEAPI-0241,exact-candidate,erp-ui/src/api/inventory/supplier.js:25
FEAPI-0234,DELETE,/inventory/supplier/{supplierIds},BEAPI-0242,exact-candidate,erp-ui/src/api/inventory/supplier.js:30
FEAPI-0235,GET,/inventory/transfer/list,BEAPI-0256,exact-candidate,erp-ui/src/api/inventory/transfer.js:9
FEAPI-0236,GET,/inventory/transfer/processing,BEAPI-0257,exact-candidate,erp-ui/src/api/inventory/transfer.js:14
FEAPI-0237,GET,/inventory/transfer/ops-summary,BEAPI-0258,exact-candidate,erp-ui/src/api/inventory/transfer.js:18
FEAPI-0238,GET,/inventory/transfer/records,BEAPI-0259,exact-candidate,erp-ui/src/api/inventory/transfer.js:23
FEAPI-0239,GET,/inventory/transfer/{transferId},BEAPI-0260,exact-candidate,erp-ui/src/api/inventory/transfer.js:28
FEAPI-0240,GET,/inventory/transfer/{transferId}/approval-track,BEAPI-0262,exact-candidate,erp-ui/src/api/inventory/transfer.js:33
FEAPI-0241,POST,/inventory/transfer/save,BEAPI-0264,exact-candidate,erp-ui/src/api/inventory/transfer.js:38
FEAPI-0242,POST,/inventory/transfer/submit,BEAPI-0265,exact-candidate,erp-ui/src/api/inventory/transfer.js:43
FEAPI-0243,POST,/inventory/transfer/approve,BEAPI-0266,exact-candidate,erp-ui/src/api/inventory/transfer.js:48
FEAPI-0244,POST,/inventory/transfer/deliver/{transferId},BEAPI-0268,exact-candidate,erp-ui/src/api/inventory/transfer.js:53
FEAPI-0245,POST,/inventory/transfer/receive/{transferId},BEAPI-0272,exact-candidate,erp-ui/src/api/inventory/transfer.js:63
FEAPI-0246,POST,/inventory/transfer/shipment/receive/{shipmentId},BEAPI-0273,exact-candidate,erp-ui/src/api/inventory/transfer.js:68
FEAPI-0247,DELETE,/inventory/transfer/{transferId},BEAPI-0281,exact-candidate,erp-ui/src/api/inventory/transfer.js:78
FEAPI-0248,POST,/inventory/transfer/{transferId}/withdraw,BEAPI-0282,exact-candidate,erp-ui/src/api/inventory/transfer.js:83
FEAPI-0249,DELETE,/inventory/transfer/delete/{transferId},BEAPI-0280,exact-candidate,erp-ui/src/api/inventory/transfer.js:88
FEAPI-0250,GET,/inventory/transfer/{transferId}/discrepancies,BEAPI-0274,exact-candidate,erp-ui/src/api/inventory/transfer.js:92
FEAPI-0251,GET,/inventory/transfer/discrepancies/{discrepancyId},BEAPI-0275,exact-candidate,erp-ui/src/api/inventory/transfer.js:96
FEAPI-0252,POST,/inventory/transfer/discrepancies/{discrepancyId}/resolve,BEAPI-0279,exact-candidate,erp-ui/src/api/inventory/transfer.js:100
FEAPI-0253,GET,/inventory/transfer/rule/list,BEAPI-0246,exact-candidate,erp-ui/src/api/inventory/transferApprovalRule.js:5
FEAPI-0254,GET,/inventory/transfer/rule/{ruleId},BEAPI-0247,exact-candidate,erp-ui/src/api/inventory/transferApprovalRule.js:10
FEAPI-0255,POST,/inventory/transfer/rule,BEAPI-0248,exact-candidate,erp-ui/src/api/inventory/transferApprovalRule.js:15
FEAPI-0256,PUT,/inventory/transfer/rule,BEAPI-0249,exact-candidate,erp-ui/src/api/inventory/transferApprovalRule.js:20
FEAPI-0257,DELETE,/inventory/transfer/rule/{ruleId},BEAPI-0250,exact-candidate,erp-ui/src/api/inventory/transferApprovalRule.js:25
FEAPI-0258,POST,/inventory/transfer/rule/preview,BEAPI-0251,exact-candidate,erp-ui/src/api/inventory/transferApprovalRule.js:30
FEAPI-0259,POST,/inventory/transfer/rule/{ruleId}/candidate-preview,BEAPI-0252,exact-candidate,erp-ui/src/api/inventory/transferApprovalRule.js:36
FEAPI-0260,POST,/auth/login,BEAPI-0001,exact-candidate,erp-ui/src/api/login.js:6
FEAPI-0261,POST,/auth/register,BEAPI-0007,exact-candidate,erp-ui/src/api/login.js:19
FEAPI-0262,GET,/auth/passwordPolicy,BEAPI-0008,exact-candidate,erp-ui/src/api/login.js:31
FEAPI-0263,POST,/auth/unlockscreen,BEAPI-0009,exact-candidate,erp-ui/src/api/login.js:43
FEAPI-0264,POST,/auth/refresh,BEAPI-0006,exact-candidate,erp-ui/src/api/login.js:55
FEAPI-0265,GET,/system/user/getInfo,BEAPI-0613,exact-candidate,erp-ui/src/api/login.js:63
FEAPI-0266,DELETE,/auth/logout,BEAPI-0004,exact-candidate,erp-ui/src/api/login.js:71
FEAPI-0267,GET,/code,BEAPI-0647,exact-candidate,erp-ui/src/api/login.js:80
FEAPI-0268,GET,/system/menu/getRouters,BEAPI-0528,exact-candidate,erp-ui/src/api/menu.js:6
FEAPI-0269,GET,/schedule/job/list,BEAPI-0289,exact-candidate,erp-ui/src/api/monitor/job.js:6
FEAPI-0270,GET,/schedule/job/{jobId},BEAPI-0291,exact-candidate,erp-ui/src/api/monitor/job.js:15
FEAPI-0271,POST,/schedule/job,BEAPI-0292,exact-candidate,erp-ui/src/api/monitor/job.js:23
FEAPI-0272,PUT,/schedule/job,BEAPI-0293,exact-candidate,erp-ui/src/api/monitor/job.js:32
FEAPI-0273,DELETE,/schedule/job/{jobId},BEAPI-0296,exact-candidate,erp-ui/src/api/monitor/job.js:41
FEAPI-0274,PUT,/schedule/job/changeStatus,BEAPI-0294,exact-candidate,erp-ui/src/api/monitor/job.js:53
FEAPI-0275,PUT,/schedule/job/run,BEAPI-0295,exact-candidate,erp-ui/src/api/monitor/job.js:67
FEAPI-0276,GET,/schedule/job/log/list,BEAPI-0297,exact-candidate,erp-ui/src/api/monitor/jobLog.js:6
FEAPI-0277,GET,/schedule/job/log/{jobLogId},BEAPI-0299,exact-candidate,erp-ui/src/api/monitor/jobLog.js:15
FEAPI-0278,DELETE,/schedule/job/log/{jobLogId},BEAPI-0300,exact-candidate,erp-ui/src/api/monitor/jobLog.js:23
FEAPI-0279,DELETE,/schedule/job/log/clean,BEAPI-0301,exact-candidate,erp-ui/src/api/monitor/jobLog.js:31
FEAPI-0280,GET,/system/online/list,BEAPI-0636,exact-candidate,erp-ui/src/api/monitor/online.js:6
FEAPI-0281,DELETE,/system/online/{tokenId},BEAPI-0637,exact-candidate,erp-ui/src/api/monitor/online.js:15
FEAPI-0282,POST,/oa/attendance/checkIn,BEAPI-0303,exact-candidate,erp-ui/src/api/oa/attendance.js:5
FEAPI-0283,POST,/oa/attendance/checkOut,BEAPI-0304,exact-candidate,erp-ui/src/api/oa/attendance.js:9
FEAPI-0284,GET,/oa/attendance/{recordId},BEAPI-0305,exact-candidate,erp-ui/src/api/oa/attendance.js:13
FEAPI-0285,GET,/oa/attendance/my,BEAPI-0306,exact-candidate,erp-ui/src/api/oa/attendance.js:17
FEAPI-0286,GET,/oa/attendance/list,BEAPI-0307,exact-candidate,erp-ui/src/api/oa/attendance.js:21
FEAPI-0287,GET,/oa/fixedAsset/config/list,BEAPI-0309,exact-candidate,erp-ui/src/api/oa/fixedAsset.js:5
FEAPI-0288,GET,/oa/fixedAsset/config/{configId},BEAPI-0310,exact-candidate,erp-ui/src/api/oa/fixedAsset.js:13
FEAPI-0289,POST,/oa/fixedAsset/config/save,BEAPI-0311,exact-candidate,erp-ui/src/api/oa/fixedAsset.js:20
FEAPI-0290,DELETE,/oa/fixedAsset/config/{configId},BEAPI-0312,exact-candidate,erp-ui/src/api/oa/fixedAsset.js:28
FEAPI-0291,GET,/oa/fixedAsset/config/quota,BEAPI-0313,exact-candidate,erp-ui/src/api/oa/fixedAsset.js:35
FEAPI-0292,GET,/oa/fixedAsset/repair/list,BEAPI-0321,exact-candidate,erp-ui/src/api/oa/fixedAsset.js:43
FEAPI-0293,GET,/oa/fixedAsset/repair/{repairId},BEAPI-0322,exact-candidate,erp-ui/src/api/oa/fixedAsset.js:51
FEAPI-0294,POST,/oa/fixedAsset/repair/submit,BEAPI-0324,exact-candidate,erp-ui/src/api/oa/fixedAsset.js:58
FEAPI-0295,POST,/oa/fixedAsset/repair/precheck,BEAPI-0323,exact-candidate,erp-ui/src/api/oa/fixedAsset.js:66
FEAPI-0296,POST,/oa/fixedAsset/repair/submit/batch,BEAPI-0325,exact-candidate,erp-ui/src/api/oa/fixedAsset.js:74
FEAPI-0297,GET,/oa/fixedAsset/replenishment-outbox/dead,BEAPI-0316,exact-candidate,erp-ui/src/api/oa/fixedAsset.js:82
FEAPI-0298,POST,/oa/fixedAsset/replenishment-outbox/{outboxId}/replay,BEAPI-0319,exact-candidate,erp-ui/src/api/oa/fixedAsset.js:90
FEAPI-0299,GET,/oa/fixedAsset/replenishment-outbox/summary,BEAPI-0317,exact-candidate,erp-ui/src/api/oa/fixedAsset.js:98
FEAPI-0300,GET,/oa/fixedAsset/replenishment-outbox/list,BEAPI-0318,exact-candidate,erp-ui/src/api/oa/fixedAsset.js:105
FEAPI-0301,POST,/oa/fixedAsset/replenishment-outbox/{outboxId}/retry,BEAPI-0320,exact-candidate,erp-ui/src/api/oa/fixedAsset.js:113
FEAPI-0302,GET,/oa/laborContract/list,BEAPI-0334,exact-candidate,erp-ui/src/api/oa/laborContract.js:5
FEAPI-0303,GET,/oa/laborContract/{contractId},BEAPI-0335,exact-candidate,erp-ui/src/api/oa/laborContract.js:14
FEAPI-0304,POST,/oa/laborContract/save,BEAPI-0332,exact-candidate,erp-ui/src/api/oa/laborContract.js:22
FEAPI-0305,POST,/oa/laborContract/send,BEAPI-0333,exact-candidate,erp-ui/src/api/oa/laborContract.js:30
FEAPI-0306,POST,/oa/laborContract/{contractId}/void,BEAPI-0336,exact-candidate,erp-ui/src/api/oa/laborContract.js:38
FEAPI-0307,GET,/oa/laborContract/{contractId}/preview,BEAPI-0337,exact-candidate,erp-ui/src/api/oa/laborContract.js:45
FEAPI-0308,GET,/oa/laborContract/download/{contractId}/{kind},BEAPI-0339,exact-candidate,erp-ui/src/api/oa/laborContract.js:53
FEAPI-0309,POST,/oa/laborContract/verify,BEAPI-0338,exact-candidate,erp-ui/src/api/oa/laborContract.js:61
FEAPI-0310,GET,/oa/laborContract/template/list,BEAPI-0328,exact-candidate,erp-ui/src/api/oa/laborContract.js:70
FEAPI-0311,POST,/oa/laborContract/template,BEAPI-0329,exact-candidate,erp-ui/src/api/oa/laborContract.js:79
FEAPI-0312,GET,/oa/laborContract/seal,BEAPI-0331,exact-candidate,erp-ui/src/api/oa/laborContract.js:87
FEAPI-0313,POST,/oa/laborContract/seal,BEAPI-0330,exact-candidate,erp-ui/src/api/oa/laborContract.js:95
FEAPI-0314,GET,/oa/laborContract/mobile/my,BEAPI-0340,exact-candidate,erp-ui/src/api/oa/laborContract.js:103
FEAPI-0315,GET,/oa/laborContract/mobile/{contractId},BEAPI-0341,exact-candidate,erp-ui/src/api/oa/laborContract.js:111
FEAPI-0316,POST,/oa/laborContract/mobile/{contractId}/sign,BEAPI-0342,exact-candidate,erp-ui/src/api/oa/laborContract.js:118
FEAPI-0317,POST,/oa/purchase/save,BEAPI-0346,exact-candidate,erp-ui/src/api/oa/purchase.js:5
FEAPI-0318,POST,/oa/purchase/submit,BEAPI-0347,exact-candidate,erp-ui/src/api/oa/purchase.js:13
FEAPI-0319,GET,/oa/purchase/availability,BEAPI-0351,exact-candidate,erp-ui/src/api/oa/purchase.js:21
FEAPI-0320,POST,/oa/purchase/{purchaseId}/close,BEAPI-0348,exact-candidate,erp-ui/src/api/oa/purchase.js:29
FEAPI-0321,POST,/oa/purchase/{purchaseId}/withdraw,BEAPI-0349,exact-candidate,erp-ui/src/api/oa/purchase.js:36
FEAPI-0322,GET,/oa/purchase/my,BEAPI-0350,exact-candidate,erp-ui/src/api/oa/purchase.js:45
FEAPI-0323,GET,/oa/purchase/{purchaseId},BEAPI-0352,exact-candidate,erp-ui/src/api/oa/purchase.js:53
FEAPI-0324,GET,/oa/salary/{salaryId},BEAPI-0356,exact-candidate,erp-ui/src/api/oa/salary.js:4
FEAPI-0325,GET,/oa/salary/my,BEAPI-0357,exact-candidate,erp-ui/src/api/oa/salary.js:8
FEAPI-0326,GET,/oa/salary/list,BEAPI-0358,exact-candidate,erp-ui/src/api/oa/salary.js:12
FEAPI-0327,POST,/oa/salary/calculate,BEAPI-0360,exact-candidate,erp-ui/src/api/oa/salary.js:16
FEAPI-0328,GET,/oa/salary/attendance-preflight,BEAPI-0359,exact-candidate,erp-ui/src/api/oa/salary.js:20
FEAPI-0329,GET,/oa/salary/config,BEAPI-0354,exact-candidate,erp-ui/src/api/oa/salary.js:24
FEAPI-0330,PUT,/oa/salary/config,BEAPI-0355,exact-candidate,erp-ui/src/api/oa/salary.js:28
FEAPI-0331,POST,/oa/salary/export,BEAPI-0361,exact-candidate,erp-ui/src/api/oa/salary.js:32
FEAPI-0332,GET,/oa/signPackage/list,BEAPI-0370,exact-candidate,erp-ui/src/api/oa/signPackage.js:5
FEAPI-0333,GET,/oa/signPackage/{packageId},BEAPI-0374,exact-candidate,erp-ui/src/api/oa/signPackage.js:14
FEAPI-0334,GET,/oa/signPackage/{packageId}/verify,BEAPI-0375,exact-candidate,erp-ui/src/api/oa/signPackage.js:22
FEAPI-0335,POST,/oa/signPackage,BEAPI-0371,exact-candidate,erp-ui/src/api/oa/signPackage.js:30
FEAPI-0336,PUT,/oa/signPackage/{packageId},BEAPI-0376,exact-candidate,erp-ui/src/api/oa/signPackage.js:38
FEAPI-0337,POST,/oa/signPackage/{packageId}/send,BEAPI-0377,exact-candidate,erp-ui/src/api/oa/signPackage.js:46
FEAPI-0338,GET,/oa/signPackage/{packageId}/company-options,BEAPI-0378,exact-candidate,erp-ui/src/api/oa/signPackage.js:53
FEAPI-0339,POST,/oa/signPackage/{packageId}/finalize,BEAPI-0379,exact-candidate,erp-ui/src/api/oa/signPackage.js:61
FEAPI-0340,GET,/oa/signPackage/company/seals,BEAPI-0380,exact-candidate,erp-ui/src/api/oa/signPackage.js:69
FEAPI-0341,POST,/oa/signPackage/company/seals,BEAPI-0381,exact-candidate,erp-ui/src/api/oa/signPackage.js:77
FEAPI-0342,POST,/oa/signPackage/{packageId}/void,BEAPI-0382,exact-candidate,erp-ui/src/api/oa/signPackage.js:85
FEAPI-0343,GET,/oa/signPackage/template/list,BEAPI-0363,exact-candidate,erp-ui/src/api/oa/signPackage.js:93
FEAPI-0344,GET,/oa/signPackage/template/types,BEAPI-0362,exact-candidate,erp-ui/src/api/oa/signPackage.js:102
FEAPI-0345,POST,/oa/signPackage/template,BEAPI-0364,exact-candidate,erp-ui/src/api/oa/signPackage.js:110
FEAPI-0346,GET,/oa/signPackage/plan/list,BEAPI-0365,exact-candidate,erp-ui/src/api/oa/signPackage.js:118
FEAPI-0347,GET,/oa/signPackage/plan/{planId},BEAPI-0366,exact-candidate,erp-ui/src/api/oa/signPackage.js:127
FEAPI-0348,POST,/oa/signPackage/plan,BEAPI-0367,exact-candidate,erp-ui/src/api/oa/signPackage.js:134
FEAPI-0349,PUT,/oa/signPackage/plan,BEAPI-0368,exact-candidate,erp-ui/src/api/oa/signPackage.js:142
FEAPI-0350,POST,/oa/signPackage/plan/{planId}/publish,BEAPI-0369,exact-candidate,erp-ui/src/api/oa/signPackage.js:150
FEAPI-0351,POST,/oa/signPackage/template/match,BEAPI-0383,exact-candidate,erp-ui/src/api/oa/signPackage.js:157
FEAPI-0352,POST,/oa/signPackage/batch/preview,BEAPI-0372,exact-candidate,erp-ui/src/api/oa/signPackage.js:166
FEAPI-0353,POST,/oa/signPackage/batch/createDrafts,BEAPI-0373,exact-candidate,erp-ui/src/api/oa/signPackage.js:175
FEAPI-0354,GET,/oa/signPackage/mobile/list,BEAPI-0384,exact-candidate,erp-ui/src/api/oa/signPackage.js:183
FEAPI-0355,GET,/oa/signPackage/mobile/{packageId},BEAPI-0385,exact-candidate,erp-ui/src/api/oa/signPackage.js:191
FEAPI-0356,POST,/oa/signPackage/mobile/{packageId}/read/{documentId},BEAPI-0394,exact-candidate,erp-ui/src/api/oa/signPackage.js:198
FEAPI-0357,POST,/oa/signPackage/mobile/{packageId}/sign,BEAPI-0395,exact-candidate,erp-ui/src/api/oa/signPackage.js:206
FEAPI-0358,POST,/oa/signPackage/mobile/{packageId}/final-confirm,BEAPI-0396,exact-candidate,erp-ui/src/api/oa/signPackage.js:214
FEAPI-0359,GET,/oa/signPackage/mobile/{packageId}/documents/{documentId}/file,BEAPI-0386,exact-candidate,erp-ui/src/api/oa/signPackage.js:222
FEAPI-0360,GET,/oa/signPackage/mobile/{packageId}/documents/{documentId}/signed-file,BEAPI-0387,exact-candidate,erp-ui/src/api/oa/signPackage.js:230
FEAPI-0361,GET,/oa/signPackage/mobile/{packageId}/documents/{documentId}/final-file,BEAPI-0388,exact-candidate,erp-ui/src/api/oa/signPackage.js:238
FEAPI-0362,GET,/oa/signPackage/mobile/{packageId}/documents/{documentId}/certificate,BEAPI-0389,exact-candidate,erp-ui/src/api/oa/signPackage.js:246
FEAPI-0363,GET,/oa/signPackage/{packageId}/documents/{documentId}/file,BEAPI-0390,exact-candidate,erp-ui/src/api/oa/signPackage.js:254
FEAPI-0364,GET,/oa/signPackage/{packageId}/documents/{documentId}/signed-file,BEAPI-0391,exact-candidate,erp-ui/src/api/oa/signPackage.js:262
FEAPI-0365,GET,/oa/signPackage/{packageId}/documents/{documentId}/final-file,BEAPI-0392,exact-candidate,erp-ui/src/api/oa/signPackage.js:270
FEAPI-0366,GET,/oa/signPackage/{packageId}/documents/{documentId}/certificate,BEAPI-0393,exact-candidate,erp-ui/src/api/oa/signPackage.js:278
FEAPI-0367,GET,/oa/signTask/list,BEAPI-0397,exact-candidate,erp-ui/src/api/oa/signTask.js:5
FEAPI-0368,GET,/oa/signTask/metrics,BEAPI-0398,exact-candidate,erp-ui/src/api/oa/signTask.js:14
FEAPI-0369,GET,/oa/signTask/{taskId},BEAPI-0399,exact-candidate,erp-ui/src/api/oa/signTask.js:22
FEAPI-0370,POST,/oa/signTask/{taskId}/revalidate,BEAPI-0400,exact-candidate,erp-ui/src/api/oa/signTask.js:30
FEAPI-0371,POST,/oa/signTask/{taskId}/send,BEAPI-0401,exact-candidate,erp-ui/src/api/oa/signTask.js:38
FEAPI-0372,POST,/oa/signTask/{taskId}/retry,BEAPI-0402,exact-candidate,erp-ui/src/api/oa/signTask.js:46
FEAPI-0373,POST,/oa/signTask/{taskId}/notification/retry,BEAPI-0403,exact-candidate,erp-ui/src/api/oa/signTask.js:54
FEAPI-0374,POST,/oa/signTask/{taskId}/cancel,BEAPI-0404,exact-candidate,erp-ui/src/api/oa/signTask.js:62
FEAPI-0375,GET,/oa/todo/summary,BEAPI-0406,exact-candidate,erp-ui/src/api/oa/todo.js:5
FEAPI-0376,GET,/oa/todo/list,BEAPI-0407,exact-candidate,erp-ui/src/api/oa/todo.js:13
FEAPI-0377,GET,/system/config/list,BEAPI-0474,exact-candidate,erp-ui/src/api/system/config.js:6
FEAPI-0378,GET,/system/config/{configId},BEAPI-0476,exact-candidate,erp-ui/src/api/system/config.js:15
FEAPI-0379,GET,/system/config/configKey/{configKey},BEAPI-0477,exact-candidate,erp-ui/src/api/system/config.js:23
FEAPI-0380,POST,/system/config,BEAPI-0479,exact-candidate,erp-ui/src/api/system/config.js:31
FEAPI-0381,PUT,/system/config,BEAPI-0480,exact-candidate,erp-ui/src/api/system/config.js:40
FEAPI-0382,DELETE,/system/config/{configId},BEAPI-0481,exact-candidate,erp-ui/src/api/system/config.js:49
FEAPI-0383,DELETE,/system/config/refreshCache,BEAPI-0482,exact-candidate,erp-ui/src/api/system/config.js:57
FEAPI-0384,GET,/system/dept/list,BEAPI-0483,exact-candidate,erp-ui/src/api/system/dept.js:6
FEAPI-0385,GET,/system/dept/leader-options,BEAPI-0484,exact-candidate,erp-ui/src/api/system/dept.js:15
FEAPI-0386,GET,/system/dept/shop-tree,BEAPI-0485,exact-candidate,erp-ui/src/api/system/dept.js:24
FEAPI-0387,GET,/system/dept/warehouse-list,BEAPI-0486,exact-candidate,erp-ui/src/api/system/dept.js:32
FEAPI-0388,GET,/system/dept/visible-store-list,BEAPI-0487,exact-candidate,erp-ui/src/api/system/dept.js:41
FEAPI-0389,GET,/system/dept/list/exclude/{deptId},BEAPI-0488,exact-candidate,erp-ui/src/api/system/dept.js:50
FEAPI-0390,GET,/system/dept/{deptId},BEAPI-0489,exact-candidate,erp-ui/src/api/system/dept.js:58
FEAPI-0391,POST,/system/dept,BEAPI-0490,exact-candidate,erp-ui/src/api/system/dept.js:66
FEAPI-0392,PUT,/system/dept,BEAPI-0491,exact-candidate,erp-ui/src/api/system/dept.js:75
FEAPI-0393,PUT,/system/dept/updateSort,BEAPI-0492,exact-candidate,erp-ui/src/api/system/dept.js:84
FEAPI-0394,DELETE,/system/dept/{deptId},BEAPI-0493,exact-candidate,erp-ui/src/api/system/dept.js:94
FEAPI-0395,GET,/system/dict/data/list,BEAPI-0494,exact-candidate,erp-ui/src/api/system/dict/data.js:6
FEAPI-0396,GET,/system/dict/data/{dictCode},BEAPI-0496,exact-candidate,erp-ui/src/api/system/dict/data.js:15
FEAPI-0397,GET,/system/dict/data/type/{dictType},BEAPI-0497,exact-candidate,erp-ui/src/api/system/dict/data.js:23
FEAPI-0398,POST,/system/dict/data,BEAPI-0498,exact-candidate,erp-ui/src/api/system/dict/data.js:31
FEAPI-0399,PUT,/system/dict/data,BEAPI-0499,exact-candidate,erp-ui/src/api/system/dict/data.js:40
FEAPI-0400,DELETE,/system/dict/data/{dictCode},BEAPI-0500,exact-candidate,erp-ui/src/api/system/dict/data.js:49
FEAPI-0401,GET,/system/dict/type/list,BEAPI-0501,exact-candidate,erp-ui/src/api/system/dict/type.js:6
FEAPI-0402,GET,/system/dict/type/{dictId},BEAPI-0503,exact-candidate,erp-ui/src/api/system/dict/type.js:15
FEAPI-0403,POST,/system/dict/type,BEAPI-0504,exact-candidate,erp-ui/src/api/system/dict/type.js:23
FEAPI-0404,PUT,/system/dict/type,BEAPI-0505,exact-candidate,erp-ui/src/api/system/dict/type.js:32
FEAPI-0405,DELETE,/system/dict/type/{dictId},BEAPI-0506,exact-candidate,erp-ui/src/api/system/dict/type.js:41
FEAPI-0406,DELETE,/system/dict/type/refreshCache,BEAPI-0507,exact-candidate,erp-ui/src/api/system/dict/type.js:49
FEAPI-0407,GET,/system/dict/type/optionselect,BEAPI-0508,exact-candidate,erp-ui/src/api/system/dict/type.js:57
FEAPI-0408,DELETE,/file/delete,BEAPI-0043,exact-candidate,erp-ui/src/api/system/file.js:5
FEAPI-0409,GET,/system/legalEntity/options,BEAPI-0509,exact-candidate,erp-ui/src/api/system/legalEntity.js:5
FEAPI-0410,GET,/system/legalEntity/list,BEAPI-0510,exact-candidate,erp-ui/src/api/system/legalEntity.js:12
FEAPI-0411,GET,/system/legalEntity/{legalEntityId},BEAPI-0511,exact-candidate,erp-ui/src/api/system/legalEntity.js:20
FEAPI-0412,POST,/system/legalEntity,BEAPI-0512,exact-candidate,erp-ui/src/api/system/legalEntity.js:27
FEAPI-0413,PUT,/system/legalEntity,BEAPI-0513,exact-candidate,erp-ui/src/api/system/legalEntity.js:35
FEAPI-0414,GET,/system/logininfor/list,BEAPI-0514,exact-candidate,erp-ui/src/api/system/logininfor.js:6
FEAPI-0415,DELETE,/system/logininfor/{infoId},BEAPI-0516,exact-candidate,erp-ui/src/api/system/logininfor.js:15
FEAPI-0416,GET,/system/logininfor/unlock/{userName},BEAPI-0518,exact-candidate,erp-ui/src/api/system/logininfor.js:23
FEAPI-0417,DELETE,/system/logininfor/clean,BEAPI-0517,exact-candidate,erp-ui/src/api/system/logininfor.js:30
FEAPI-0418,GET,/system/menu/list,BEAPI-0520,exact-candidate,erp-ui/src/api/system/menu.js:6
FEAPI-0419,GET,/system/menu/{menuId},BEAPI-0521,exact-candidate,erp-ui/src/api/system/menu.js:15
FEAPI-0420,GET,/system/menu/treeselect,BEAPI-0522,exact-candidate,erp-ui/src/api/system/menu.js:23
FEAPI-0421,GET,/system/menu/roleMenuTreeselect/{roleId},BEAPI-0523,exact-candidate,erp-ui/src/api/system/menu.js:31
FEAPI-0422,POST,/system/menu,BEAPI-0524,exact-candidate,erp-ui/src/api/system/menu.js:39
FEAPI-0423,PUT,/system/menu,BEAPI-0525,exact-candidate,erp-ui/src/api/system/menu.js:48
FEAPI-0424,PUT,/system/menu/updateSort,BEAPI-0526,exact-candidate,erp-ui/src/api/system/menu.js:57
FEAPI-0425,DELETE,/system/menu/{menuId},BEAPI-0527,exact-candidate,erp-ui/src/api/system/menu.js:67
FEAPI-0426,GET,/system/mobile/profile,BEAPI-0529,exact-candidate,erp-ui/src/api/system/mobile.js:5
FEAPI-0427,GET,/system/mobile/options/warehouses,BEAPI-0530,exact-candidate,erp-ui/src/api/system/mobile.js:12
FEAPI-0428,GET,/system/notice/list,BEAPI-0531,exact-candidate,erp-ui/src/api/system/notice.js:6
FEAPI-0429,GET,/system/notice/{noticeId},BEAPI-0532,exact-candidate,erp-ui/src/api/system/notice.js:15
FEAPI-0430,GET,/system/notice/inbox/{noticeId},BEAPI-0533,exact-candidate,erp-ui/src/api/system/notice.js:23
FEAPI-0431,POST,/system/notice,BEAPI-0534,exact-candidate,erp-ui/src/api/system/notice.js:31
FEAPI-0432,PUT,/system/notice,BEAPI-0535,exact-candidate,erp-ui/src/api/system/notice.js:40
FEAPI-0433,POST,/system/notice/audience-preview,BEAPI-0536,exact-candidate,erp-ui/src/api/system/notice.js:49
FEAPI-0434,GET,/system/notice/audience-options,BEAPI-0537,exact-candidate,erp-ui/src/api/system/notice.js:58
FEAPI-0435,POST,/system/notice/{noticeId}/publish,BEAPI-0538,exact-candidate,erp-ui/src/api/system/notice.js:67
FEAPI-0436,POST,/system/notice/{noticeId}/cancel-schedule,BEAPI-0539,exact-candidate,erp-ui/src/api/system/notice.js:76
FEAPI-0437,POST,/system/notice/{noticeId}/offline,BEAPI-0540,exact-candidate,erp-ui/src/api/system/notice.js:85
FEAPI-0438,POST,/system/notice/{noticeId}/new-version,BEAPI-0541,exact-candidate,erp-ui/src/api/system/notice.js:94
FEAPI-0439,DELETE,/system/notice/{noticeId},BEAPI-0546,exact-candidate,erp-ui/src/api/system/notice.js:104
FEAPI-0440,GET,/system/notice/listTop,BEAPI-0542,exact-candidate,erp-ui/src/api/system/notice.js:112
FEAPI-0441,POST,/system/notice/markRead,BEAPI-0543,exact-candidate,erp-ui/src/api/system/notice.js:120
FEAPI-0442,POST,/system/notice/markReadAll,BEAPI-0544,exact-candidate,erp-ui/src/api/system/notice.js:129
FEAPI-0443,GET,/system/notice/readUsers/list,BEAPI-0545,exact-candidate,erp-ui/src/api/system/notice.js:137
FEAPI-0444,GET,/system/operlog/list,BEAPI-0547,exact-candidate,erp-ui/src/api/system/operlog.js:6
FEAPI-0445,GET,/system/operlog/{operId},BEAPI-0549,exact-candidate,erp-ui/src/api/system/operlog.js:15
FEAPI-0446,DELETE,/system/operlog/{operId},BEAPI-0550,exact-candidate,erp-ui/src/api/system/operlog.js:23
FEAPI-0447,DELETE,/system/operlog/clean,BEAPI-0551,exact-candidate,erp-ui/src/api/system/operlog.js:31
FEAPI-0448,GET,/system/post/list,BEAPI-0553,exact-candidate,erp-ui/src/api/system/post.js:6
FEAPI-0449,GET,/system/post/optionselect,BEAPI-0559,exact-candidate,erp-ui/src/api/system/post.js:15
FEAPI-0450,GET,/system/post/{postId},BEAPI-0555,exact-candidate,erp-ui/src/api/system/post.js:23
FEAPI-0451,POST,/system/post,BEAPI-0556,exact-candidate,erp-ui/src/api/system/post.js:31
FEAPI-0452,PUT,/system/post,BEAPI-0557,exact-candidate,erp-ui/src/api/system/post.js:40
FEAPI-0453,DELETE,/system/post/{postId},BEAPI-0558,exact-candidate,erp-ui/src/api/system/post.js:49
FEAPI-0454,GET,/system/role/list,BEAPI-0566,exact-candidate,erp-ui/src/api/system/role.js:6
FEAPI-0455,GET,/system/role/{roleId},BEAPI-0568,exact-candidate,erp-ui/src/api/system/role.js:15
FEAPI-0456,POST,/system/role,BEAPI-0569,exact-candidate,erp-ui/src/api/system/role.js:23
FEAPI-0457,PUT,/system/role,BEAPI-0570,exact-candidate,erp-ui/src/api/system/role.js:32
FEAPI-0458,PUT,/system/role/dataScope,BEAPI-0571,exact-candidate,erp-ui/src/api/system/role.js:41
FEAPI-0459,PUT,/system/role/changeStatus,BEAPI-0572,exact-candidate,erp-ui/src/api/system/role.js:54
FEAPI-0460,DELETE,/system/role/{roleId},BEAPI-0573,exact-candidate,erp-ui/src/api/system/role.js:63
FEAPI-0461,GET,/system/role/authUser/allocatedList,BEAPI-0575,exact-candidate,erp-ui/src/api/system/role.js:71
FEAPI-0462,GET,/system/role/authUser/unallocatedList,BEAPI-0576,exact-candidate,erp-ui/src/api/system/role.js:80
FEAPI-0463,PUT,/system/role/authUser/cancel,BEAPI-0577,exact-candidate,erp-ui/src/api/system/role.js:89
FEAPI-0464,PUT,/system/role/authUser/cancelAll,BEAPI-0578,exact-candidate,erp-ui/src/api/system/role.js:98
FEAPI-0465,PUT,/system/role/authUser/selectAll,BEAPI-0579,exact-candidate,erp-ui/src/api/system/role.js:107
FEAPI-0466,GET,/system/role/deptTree/{roleId},BEAPI-0580,exact-candidate,erp-ui/src/api/system/role.js:116
FEAPI-0467,GET,/system/role/deptTree,BEAPI-0581,exact-candidate,erp-ui/src/api/system/role.js:124
FEAPI-0468,GET,/system/role/optionselect,BEAPI-0574,exact-candidate,erp-ui/src/api/system/role.js:132
FEAPI-0469,GET,/system/salaryConfig/list,BEAPI-0582,exact-candidate,erp-ui/src/api/system/salaryConfig.js:6
FEAPI-0470,GET,/system/salaryConfig/{schemeId},BEAPI-0584,exact-candidate,erp-ui/src/api/system/salaryConfig.js:15
FEAPI-0471,GET,/system/salaryConfig/options,BEAPI-0585,exact-candidate,erp-ui/src/api/system/salaryConfig.js:23
FEAPI-0472,GET,/system/salaryConfig/users,BEAPI-0586,exact-candidate,erp-ui/src/api/system/salaryConfig.js:32
FEAPI-0473,GET,/system/salaryConfig/shopTree,BEAPI-0587,exact-candidate,erp-ui/src/api/system/salaryConfig.js:41
FEAPI-0474,POST,/system/salaryConfig,BEAPI-0588,exact-candidate,erp-ui/src/api/system/salaryConfig.js:49
FEAPI-0475,PUT,/system/salaryConfig,BEAPI-0589,exact-candidate,erp-ui/src/api/system/salaryConfig.js:58
FEAPI-0476,DELETE,/system/salaryConfig/{schemeId},BEAPI-0590,exact-candidate,erp-ui/src/api/system/salaryConfig.js:67
FEAPI-0477,GET,/system/salaryConfig/{schemeId}/items,BEAPI-0591,exact-candidate,erp-ui/src/api/system/salaryConfig.js:75
FEAPI-0478,POST,/system/salaryConfig/item,BEAPI-0592,exact-candidate,erp-ui/src/api/system/salaryConfig.js:83
FEAPI-0479,PUT,/system/salaryConfig/item,BEAPI-0593,exact-candidate,erp-ui/src/api/system/salaryConfig.js:92
FEAPI-0480,DELETE,/system/salaryConfig/item/{itemId},BEAPI-0594,exact-candidate,erp-ui/src/api/system/salaryConfig.js:101
FEAPI-0481,GET,/system/salaryConfig/role/{roleId},BEAPI-0595,exact-candidate,erp-ui/src/api/system/salaryConfig.js:109
FEAPI-0482,GET,/system/salaryConfig/role/batch,BEAPI-0596,exact-candidate,erp-ui/src/api/system/salaryConfig.js:117
FEAPI-0483,PUT,/system/salaryConfig/role/{roleId},BEAPI-0597,exact-candidate,erp-ui/src/api/system/salaryConfig.js:126
FEAPI-0484,GET,/system/salaryConfig/user/{userId},BEAPI-0598,exact-candidate,erp-ui/src/api/system/salaryConfig.js:135
FEAPI-0485,GET,/system/salaryConfig/user/batch,BEAPI-0599,exact-candidate,erp-ui/src/api/system/salaryConfig.js:143
FEAPI-0486,PUT,/system/salaryConfig/user/{userId},BEAPI-0600,exact-candidate,erp-ui/src/api/system/salaryConfig.js:152
FEAPI-0487,GET,/system/user/list,BEAPI-0603,exact-candidate,erp-ui/src/api/system/user.js:7
FEAPI-0488,GET,/system/user/setup-summary,BEAPI-0604,exact-candidate,erp-ui/src/api/system/user.js:17
FEAPI-0489,GET,/system/user/{parseStrEmpty_userId},BEAPI-0615,exact-candidate,erp-ui/src/api/system/user.js:26
FEAPI-0490,GET,/system/user/{userId}/pii,BEAPI-0616,exact-candidate,erp-ui/src/api/system/user.js:34
FEAPI-0491,PUT,/system/user/{userId}/{afterCreate_pii-after-create_pii},,unmatched-needs-review,erp-ui/src/api/system/user.js:43
FEAPI-0492,POST,/system/user,BEAPI-0620,exact-candidate,erp-ui/src/api/system/user.js:53
FEAPI-0493,PUT,/system/user,BEAPI-0621,exact-candidate,erp-ui/src/api/system/user.js:62
FEAPI-0494,POST,/system/user/derived-preview,BEAPI-0619,exact-candidate,erp-ui/src/api/system/user.js:71
FEAPI-0495,DELETE,/system/user/{userId},BEAPI-0622,exact-candidate,erp-ui/src/api/system/user.js:80
FEAPI-0496,PUT,/system/user/resetPwd,BEAPI-0623,exact-candidate,erp-ui/src/api/system/user.js:89
FEAPI-0497,PUT,/system/user/changeStatus,BEAPI-0626,exact-candidate,erp-ui/src/api/system/user.js:102
FEAPI-0498,GET,/system/user/profile,BEAPI-0560,exact-candidate,erp-ui/src/api/system/user.js:111
FEAPI-0499,PUT,/system/user/profile,BEAPI-0563,exact-candidate,erp-ui/src/api/system/user.js:119
FEAPI-0500,GET,/system/user/profile/completion,BEAPI-0561,exact-candidate,erp-ui/src/api/system/user.js:128
FEAPI-0501,PUT,/system/user/profile/completion,BEAPI-0562,exact-candidate,erp-ui/src/api/system/user.js:136
FEAPI-0502,PUT,/system/user/profile/updatePwd,BEAPI-0564,exact-candidate,erp-ui/src/api/system/user.js:149
FEAPI-0503,POST,/system/user/profile/avatar,BEAPI-0565,exact-candidate,erp-ui/src/api/system/user.js:158
FEAPI-0504,GET,/system/user/authRole/{userId},BEAPI-0627,exact-candidate,erp-ui/src/api/system/user.js:168
FEAPI-0505,PUT,/system/user/authRole,BEAPI-0628,exact-candidate,erp-ui/src/api/system/user.js:176
FEAPI-0506,GET,/system/user/deptTree,BEAPI-0629,exact-candidate,erp-ui/src/api/system/user.js:185
FEAPI-0507,GET,/system/user-notification/list,BEAPI-0631,exact-candidate,erp-ui/src/api/system/userNotification.js:5
FEAPI-0508,GET,/system/user-notification/unread-count,BEAPI-0632,exact-candidate,erp-ui/src/api/system/userNotification.js:13
FEAPI-0509,POST,/system/user-notification/{notificationId}/read,BEAPI-0633,exact-candidate,erp-ui/src/api/system/userNotification.js:21
FEAPI-0510,POST,/system/user-notification/device-token,BEAPI-0634,exact-candidate,erp-ui/src/api/system/userNotification.js:29
FEAPI-0511,DELETE,/system/user-notification/device-token,BEAPI-0635,exact-candidate,erp-ui/src/api/system/userNotification.js:37
FEAPI-0512,GET,/system/user/shop/tree,BEAPI-0638,exact-candidate,erp-ui/src/api/system/userShop.js:6
FEAPI-0513,GET,/system/user/shop/{userId},BEAPI-0639,exact-candidate,erp-ui/src/api/system/userShop.js:14
FEAPI-0514,GET,/system/user/shop/batch,BEAPI-0640,exact-candidate,erp-ui/src/api/system/userShop.js:22
FEAPI-0515,POST,/system/user/shop/{userId}/preview,BEAPI-0641,exact-candidate,erp-ui/src/api/system/userShop.js:31
FEAPI-0516,PUT,/system/user/shop/{userId},BEAPI-0642,exact-candidate,erp-ui/src/api/system/userShop.js:40
FEAPI-0517,GET,/code/gen/list,BEAPI-0077,exact-candidate,erp-ui/src/api/tool/gen.js:6
FEAPI-0518,GET,/code/gen/db/list,BEAPI-0079,exact-candidate,erp-ui/src/api/tool/gen.js:14
FEAPI-0519,GET,/code/gen/{tableId},BEAPI-0078,exact-candidate,erp-ui/src/api/tool/gen.js:23
FEAPI-0520,PUT,/code/gen,BEAPI-0082,exact-candidate,erp-ui/src/api/tool/gen.js:31
FEAPI-0521,POST,/code/gen/importTable,BEAPI-0081,exact-candidate,erp-ui/src/api/tool/gen.js:40
FEAPI-0522,GET,/code/gen/preview/{tableId},BEAPI-0084,exact-candidate,erp-ui/src/api/tool/gen.js:49
FEAPI-0523,DELETE,/code/gen/{tableId},BEAPI-0083,exact-candidate,erp-ui/src/api/tool/gen.js:57
FEAPI-0524,GET,/code/gen/genCode/{tableName},BEAPI-0086,exact-candidate,erp-ui/src/api/tool/gen.js:65
FEAPI-0525,GET,/code/gen/synchDb/{tableName},BEAPI-0087,exact-candidate,erp-ui/src/api/tool/gen.js:73
FEAPI-0526,GET,{provider}/{endpoint},,unmatched-needs-review,erp-ui/src/api/workbench/todo.js:16
