permission,occurrences,frontend_sources,backend_sources,sql_sources,alignment_status
approval:callback:replay,4,erp-ui/src/views/approval/manage/components/RuntimeMonitor.vue:155,erp-modules/erp-approval/src/main/java/com/erp/approval/controller/ApprovalCallbackController.java:25,sql/erp_unified_approval_center_20260714.sql:1087 | sql/erp_unified_approval_seed_20260716.sql:649,待核验
approval:instance:list,6,,erp-modules/erp-approval/src/main/java/com/erp/approval/controller/ApprovalLegacyController.java:27 | erp-modules/erp-approval/src/main/java/com/erp/approval/controller/ApprovalLegacyController.java:34 | erp-modules/erp-approval/src/main/java/com/erp/approval/controller/ApprovalRuntimeController.java:34 | erp-modules/erp-system/src/main/java/com/erp/system/service/FrontendFeatureCatalog.java:58,sql/erp_unified_approval_center_20260714.sql:1081 | sql/erp_unified_approval_seed_20260716.sql:643,待核验
approval:instance:query,5,erp-ui/src/views/approval/manage/components/RuntimeMonitor.vue:75,erp-modules/erp-approval/src/main/java/com/erp/approval/controller/ApprovalLegacyController.java:41 | erp-modules/erp-approval/src/main/java/com/erp/approval/service/ApprovalMonitorService.java:38,sql/erp_unified_approval_center_20260714.sql:1082 | sql/erp_unified_approval_seed_20260716.sql:644,待核验
approval:instance:terminate,4,erp-ui/src/views/approval/manage/components/RuntimeMonitor.vue:78,erp-modules/erp-approval/src/main/java/com/erp/approval/controller/ApprovalRuntimeController.java:50,sql/erp_unified_approval_center_20260714.sql:1083 | sql/erp_unified_approval_seed_20260716.sql:645,待核验
approval:task:reassign,4,erp-ui/src/views/approval/manage/components/RuntimeMonitor.vue:132,erp-modules/erp-approval/src/main/java/com/erp/approval/controller/ApprovalTaskController.java:54,sql/erp_unified_approval_center_20260714.sql:1084 | sql/erp_unified_approval_seed_20260716.sql:646,待核验
approval:template:edit,11,erp-ui/src/views/approval/manage/components/FlowConfiguration.vue:38 | erp-ui/src/views/approval/manage/components/FlowConfiguration.vue:61 | erp-ui/src/views/approval/manage/components/FlowConfiguration.vue:69 | erp-ui/src/views/approval/manage/components/FlowConfiguration.vue:77,erp-modules/erp-approval/src/main/java/com/erp/approval/controller/ApprovalDefinitionController.java:111 | erp-modules/erp-approval/src/main/java/com/erp/approval/controller/ApprovalDefinitionController.java:146 | erp-modules/erp-approval/src/main/java/com/erp/approval/controller/ApprovalDefinitionController.java:75 | erp-modules/erp-approval/src/main/java/com/erp/approval/controller/ApprovalDefinitionController.java:86 | erp-modules/erp-approval/src/main/java/com/erp/approval/controller/ApprovalDefinitionController.java:98,sql/erp_unified_approval_center_20260714.sql:1079 | sql/erp_unified_approval_seed_20260716.sql:641,待核验
approval:template:list,6,,erp-modules/erp-approval/src/main/java/com/erp/approval/controller/ApprovalDefinitionController.java:37 | erp-modules/erp-approval/src/main/java/com/erp/approval/controller/ApprovalDefinitionController.java:56 | erp-modules/erp-system/src/main/java/com/erp/system/service/FrontendFeatureCatalog.java:56 | erp-modules/erp-system/src/main/java/com/erp/system/service/FrontendFeatureCatalog.java:60,sql/erp_unified_approval_center_20260714.sql:1069 | sql/erp_unified_approval_seed_20260716.sql:631,待核验
approval:template:publish,4,erp-ui/src/views/approval/manage/components/RuleWizard.vue:223,erp-modules/erp-approval/src/main/java/com/erp/approval/controller/ApprovalDefinitionController.java:123,sql/erp_unified_approval_center_20260714.sql:1080 | sql/erp_unified_approval_seed_20260716.sql:642,待核验
approval:template:query,6,,erp-modules/erp-approval/src/main/java/com/erp/approval/controller/ApprovalDefinitionController.java:136 | erp-modules/erp-approval/src/main/java/com/erp/approval/controller/ApprovalDefinitionController.java:47 | erp-modules/erp-approval/src/main/java/com/erp/approval/controller/ApprovalDefinitionController.java:66 | erp-modules/erp-system/src/main/java/com/erp/system/service/FrontendFeatureCatalog.java:60,sql/erp_unified_approval_center_20260714.sql:1078 | sql/erp_unified_approval_seed_20260716.sql:640,待核验
approval:validation:list,6,erp-ui/src/views/approval/manage/components/ValidationPanel.vue:38,erp-modules/erp-approval/src/main/java/com/erp/approval/controller/ApprovalValidationController.java:34 | erp-modules/erp-approval/src/main/java/com/erp/approval/controller/ApprovalValidationController.java:42 | erp-modules/erp-system/src/main/java/com/erp/system/service/FrontendFeatureCatalog.java:62,sql/erp_unified_approval_center_20260714.sql:1085 | sql/erp_unified_approval_seed_20260716.sql:647,待核验
approval:validation:run,4,erp-ui/src/views/approval/manage/components/ValidationPanel.vue:9,erp-modules/erp-approval/src/main/java/com/erp/approval/controller/ApprovalValidationController.java:49,sql/erp_unified_approval_center_20260714.sql:1086 | sql/erp_unified_approval_seed_20260716.sql:648,待核验
drive:company:manage,4,,erp-modules/erp-file/src/main/java/com/erp/file/drive/constant/DriveConstants.java:27,sql/erp_cloud_drive_20260711.sql:153 | sql/erp_cloud_drive_20260711.sql:174 | sql/erp_cloud_drive_20260711.sql:224,待核验
drive:department:manage,4,,erp-modules/erp-file/src/main/java/com/erp/file/drive/constant/DriveConstants.java:28,sql/erp_cloud_drive_20260711.sql:159 | sql/erp_cloud_drive_20260711.sql:175 | sql/erp_cloud_drive_20260711.sql:226,待核验
drive:quota:manage,4,,erp-modules/erp-file/src/main/java/com/erp/file/drive/constant/DriveConstants.java:29,sql/erp_cloud_drive_20260711.sql:165 | sql/erp_cloud_drive_20260711.sql:176 | sql/erp_cloud_drive_20260711.sql:228,待核验
hr:completeness:list,9,erp-ui/src/views/mobile/mobileRouteDefinitions.js:160,erp-modules/erp-system/src/main/java/com/erp/system/controller/HrCompletenessController.java:24 | erp-modules/erp-system/src/main/java/com/erp/system/controller/HrCompletenessController.java:28 | erp-modules/erp-system/src/main/java/com/erp/system/controller/HrCompletenessController.java:40 | erp-modules/erp-system/src/main/java/com/erp/system/service/impl/SysTodoServiceImpl.java:110,sql/erp_hr_data_quality_20260713.sql:34 | sql/erp_hr_personnel_management_20260708.sql:210 | sql/erp_hr_personnel_management_20260708.sql:241 | sql/erp_user_hr_onboarding_20260710.sql:291,待核验
hr:employee:add,2,,,sql/erp_hr_personnel_management_20260708.sql:235 | sql/erp_user_hr_onboarding_20260710.sql:295,待核验
hr:employee:edit,17,erp-ui/src/views/hr/completeness/components/HrMasterDataIssues.vue:136 | erp-ui/src/views/hr/components/HrEmployeeList.vue:189 | erp-ui/src/views/hr/components/HrProfileDetailDrawer.vue:39 | erp-ui/src/views/mobile/hr/employee/index.vue:26,erp-modules/erp-system/src/main/java/com/erp/system/controller/HrEmployeeProfileController.java:102 | erp-modules/erp-system/src/main/java/com/erp/system/controller/HrEmployeeProfileController.java:64 | erp-modules/erp-system/src/main/java/com/erp/system/controller/HrEmployeeProfileController.java:71 | erp-modules/erp-system/src/main/java/com/erp/system/controller/HrEmployeeProfileController.java:86 | erp-modules/erp-system/src/main/java/com/erp/system/controller/HrEmployeeProfileController.java:94 | erp-modules/erp-system/src/main/java/com/erp/system/service/impl/SysTodoServiceImpl.java:110 | erp-modules/erp-system/src/main/java/com/erp/system/service/impl/SysTodoServiceImpl.java:112 | erp-modules/erp-system/src/main/java/com/erp/system/service/impl/SysTodoServiceImpl.java:114 | erp-modules/erp-system/src/main/java/com/erp/system/service/impl/SysTodoServiceImpl.java:614,sql/erp_hr_employee_edit_permission_20260709.sql:20 | sql/erp_hr_employee_edit_permission_20260709.sql:39 | sql/erp_hr_personnel_management_20260708.sql:236 | sql/erp_user_hr_onboarding_20260710.sql:296,待核验
hr:employee:export,4,erp-ui/src/views/hr/components/HrEmployeeList.vue:15,erp-modules/erp-system/src/main/java/com/erp/system/controller/HrEmployeeProfileController.java:183,sql/erp_hr_personnel_management_20260708.sql:237 | sql/erp_user_hr_onboarding_20260710.sql:297,待核验
hr:employee:export:sensitive,2,,erp-modules/erp-system/src/main/java/com/erp/system/controller/HrEmployeeProfileController.java:204,sql/erp_user_hr_onboarding_20260710.sql:299,待核验
hr:employee:list,16,erp-ui/src/views/hr/completeness/index.vue:151 | erp-ui/src/views/mobile/mobileRouteDefinitions.js:154,erp-modules/erp-system/src/main/java/com/erp/system/controller/HrEmployeeProfileController.java:45 | erp-modules/erp-system/src/main/java/com/erp/system/controller/HrEmployeeProfileController.java:55 | erp-modules/erp-system/src/main/java/com/erp/system/service/impl/SysTodoServiceImpl.java:110 | erp-modules/erp-system/src/main/java/com/erp/system/service/impl/SysTodoServiceImpl.java:114 | erp-modules/erp-system/src/main/java/com/erp/system/service/impl/SysTodoServiceImpl.java:116,sql/erp_hr_employee_edit_permission_20260709.sql:28 | sql/erp_hr_health_certificate_20260713.sql:152 | sql/erp_hr_health_certificate_20260713.sql:53 | sql/erp_hr_offboarding_automation_20260713.sql:13 | sql/erp_hr_personnel_management_20260708.sql:206 | sql/erp_hr_team_permission_20260713.sql:12 | sql/erp_hr_team_permission_20260713.sql:71 | sql/erp_hr_transfer_effective_date_20260713.sql:28 | sql/erp_user_hr_onboarding_20260710.sql:289,待核验
hr:employee:offboard,10,erp-ui/src/views/hr/components/HrEmployeeList.vue:205 | erp-ui/src/views/hr/components/HrProfileDetailDrawer.vue:41,erp-modules/erp-system/src/main/java/com/erp/system/controller/HrEmployeeProfileController.java:159 | erp-modules/erp-system/src/main/java/com/erp/system/controller/HrEmployeeProfileController.java:168,sql/erp_hr_offboarding_automation_20260713.sql:11 | sql/erp_hr_offboarding_automation_20260713.sql:15 | sql/erp_hr_offboarding_automation_20260713.sql:30 | sql/erp_hr_offboarding_automation_20260713.sql:40 | sql/erp_oa_sign_menu_permission_repair_20260716.sql:702 | sql/erp_oa_sign_menu_permission_repair_20260716.sql:88,待核验
hr:employee:query,9,erp-ui/src/views/hr/completeness/index.vue:151 | erp-ui/src/views/hr/components/HrEmployeeList.vue:207 | erp-ui/src/views/hr/onboarding/index.vue:293 | erp-ui/src/views/mobile/hr/onboarding/detail.vue:401,erp-modules/erp-system/src/main/java/com/erp/system/controller/HrEmployeeProfileController.java:60 | erp-modules/erp-system/src/main/java/com/erp/system/controller/HrEmployeeProfileController.java:76 | erp-modules/erp-system/src/main/java/com/erp/system/controller/HrEmployeeProfileController.java:80,sql/erp_hr_personnel_management_20260708.sql:234 | sql/erp_user_hr_onboarding_20260710.sql:294,待核验
hr:employee:regularize,1,,erp-modules/erp-system/src/main/java/com/erp/system/controller/HrEmployeeProfileController.java:124,,待核验
hr:employee:renewal,1,,erp-modules/erp-system/src/main/java/com/erp/system/controller/HrEmployeeProfileController.java:109,,待核验
hr:employee:sensitive:view,3,erp-ui/src/views/hr/components/HrSensitiveFieldValue.vue:9,erp-modules/erp-system/src/main/java/com/erp/system/controller/HrEmployeeProfileController.java:193,sql/erp_user_hr_onboarding_20260710.sql:298,待核验
hr:employee:transfer,12,erp-ui/src/views/hr/components/HrEmployeeList.vue:197 | erp-ui/src/views/hr/components/HrProfileDetailDrawer.vue:40,erp-modules/erp-system/src/main/java/com/erp/system/controller/HrEmployeeProfileController.java:137 | erp-modules/erp-system/src/main/java/com/erp/system/controller/HrEmployeeProfileController.java:146,sql/erp_hr_transfer_effective_date_20260713.sql:103 | sql/erp_hr_transfer_effective_date_20260713.sql:26 | sql/erp_hr_transfer_effective_date_20260713.sql:30 | sql/erp_hr_transfer_effective_date_20260713.sql:47 | sql/erp_hr_transfer_effective_date_20260713.sql:57 | sql/erp_hr_transfer_effective_date_20260713.sql:82 | sql/erp_oa_sign_menu_permission_repair_20260716.sql:662 | sql/erp_oa_sign_menu_permission_repair_20260716.sql:80,待核验
hr:export:missing,1,,,sql/erp_hr_personnel_management_20260708.sql:245,待核验
hr:export:profile,1,,,sql/erp_hr_personnel_management_20260708.sql:238,待核验
hr:import:confirm,4,erp-ui/src/views/hr/components/HrEmployeeList.vue:13,erp-modules/erp-system/src/main/java/com/erp/system/controller/HrEmployeeProfileController.java:232,sql/erp_hr_personnel_management_20260708.sql:243 | sql/erp_user_hr_onboarding_20260710.sql:312,待核验
hr:import:preview,3,,,sql/erp_hr_personnel_management_20260708.sql:212 | sql/erp_hr_personnel_management_20260708.sql:242 | sql/erp_user_hr_onboarding_20260710.sql:311,待核验
hr:import:template,4,erp-ui/src/views/hr/components/HrEmployeeList.vue:14,erp-modules/erp-system/src/main/java/com/erp/system/controller/HrEmployeeProfileController.java:243,sql/erp_hr_personnel_management_20260708.sql:244 | sql/erp_user_hr_onboarding_20260710.sql:313,待核验
hr:onboarding:add,8,erp-ui/src/views/hr/onboarding/index.vue:38 | erp-ui/src/views/hr/onboarding/index.vue:9 | erp-ui/src/views/mobile/hr/index.vue:116 | erp-ui/src/views/mobile/hr/onboarding/index.vue:230 | erp-ui/src/views/mobile/mobileRouteDefinitions.js:76,erp-modules/erp-system/src/main/java/com/erp/system/controller/HrOnboardingController.java:62 | erp-modules/erp-system/src/main/java/com/erp/system/controller/HrOnboardingController.java:70,sql/erp_user_hr_onboarding_20260710.sql:302,待核验
hr:onboarding:cancel,5,erp-ui/src/views/hr/onboarding/onboardingFieldConfig.js:20 | erp-ui/src/views/mobile/hr/onboarding/detail.vue:185,erp-modules/erp-system/src/main/java/com/erp/system/controller/HrOnboardingController.java:126,sql/erp_hr_personnel_management_20260708.sql:240 | sql/erp_user_hr_onboarding_20260710.sql:307,待核验
hr:onboarding:config,13,erp-ui/src/views/hr/completeness/components/HrMasterDataIssues.vue:137 | erp-ui/src/views/hr/completeness/index.vue:153 | erp-ui/src/views/hr/positionConfig/index.vue:29 | erp-ui/src/views/hr/positionConfig/index.vue:30 | erp-ui/src/views/hr/positionConfig/index.vue:5 | erp-ui/src/views/hr/positionConfig/index.vue:81,erp-modules/erp-system/src/main/java/com/erp/system/controller/HrOnboardingPositionConfigController.java:33 | erp-modules/erp-system/src/main/java/com/erp/system/controller/HrOnboardingPositionConfigController.java:43 | erp-modules/erp-system/src/main/java/com/erp/system/controller/HrOnboardingPositionConfigController.java:47 | erp-modules/erp-system/src/main/java/com/erp/system/controller/HrOnboardingPositionConfigController.java:55 | erp-modules/erp-system/src/main/java/com/erp/system/controller/HrOnboardingPositionConfigController.java:63 | erp-modules/erp-system/src/main/java/com/erp/system/controller/HrOnboardingPositionConfigController.java:72,sql/erp_user_hr_onboarding_20260710.sql:293,待核验
hr:onboarding:confirm,9,erp-ui/src/views/hr/onboarding/components/HrOnboardingDetailPane.vue:172 | erp-ui/src/views/hr/onboarding/onboardingFieldConfig.js:19 | erp-ui/src/views/mobile/hr/onboarding/detail.vue:184,erp-modules/erp-system/src/main/java/com/erp/system/controller/HrOnboardingController.java:83 | erp-modules/erp-system/src/main/java/com/erp/system/controller/HrOnboardingController.java:90 | erp-modules/erp-system/src/main/java/com/erp/system/service/impl/SysTodoServiceImpl.java:112 | erp-modules/erp-system/src/main/java/com/erp/system/service/impl/SysTodoServiceImpl.java:610,sql/erp_hr_personnel_management_20260708.sql:239 | sql/erp_user_hr_onboarding_20260710.sql:306,待核验
hr:onboarding:edit,6,erp-ui/src/views/hr/onboarding/onboardingFieldConfig.js:16 | erp-ui/src/views/mobile/hr/onboarding/detail.vue:181 | erp-ui/src/views/mobile/mobileRouteDefinitions.js:91,erp-modules/erp-system/src/main/java/com/erp/system/controller/HrOnboardingController.java:62 | erp-modules/erp-system/src/main/java/com/erp/system/controller/HrOnboardingController.java:99,sql/erp_user_hr_onboarding_20260710.sql:303,待核验
hr:onboarding:import:confirm,3,erp-ui/src/views/hr/onboarding/components/HrOnboardingImportDialog.vue:178,erp-modules/erp-system/src/main/java/com/erp/system/controller/HrOnboardingImportController.java:44,sql/erp_user_hr_onboarding_20260710.sql:309,待核验
hr:onboarding:import:preview,8,erp-ui/src/views/hr/importExport/index.vue:15 | erp-ui/src/views/hr/onboarding/components/HrOnboardingImportDialog.vue:33 | erp-ui/src/views/hr/onboarding/components/HrOnboardingImportDialog.vue:52 | erp-ui/src/views/hr/onboarding/index.vue:6,erp-modules/erp-system/src/main/java/com/erp/system/controller/HrOnboardingImportController.java:28 | erp-modules/erp-system/src/main/java/com/erp/system/controller/HrOnboardingImportController.java:37 | erp-modules/erp-system/src/main/java/com/erp/system/controller/HrOnboardingImportController.java:62,sql/erp_user_hr_onboarding_20260710.sql:292,待核验
hr:onboarding:import:template,3,erp-ui/src/views/hr/onboarding/components/HrOnboardingImportDialog.vue:42,erp-modules/erp-system/src/main/java/com/erp/system/controller/HrOnboardingImportController.java:53,sql/erp_user_hr_onboarding_20260710.sql:310,待核验
hr:onboarding:list,13,erp-ui/src/views/hr/completeness/index.vue:152 | erp-ui/src/views/mobile/hr/index.vue:119 | erp-ui/src/views/mobile/mobileNavigation.js:102 | erp-ui/src/views/mobile/mobileNavigation.js:103 | erp-ui/src/views/mobile/mobileNavigation.js:112 | erp-ui/src/views/mobile/mobileNavigation.js:542 | erp-ui/src/views/mobile/mobileRouteDefinitions.js:54 | erp-ui/src/views/mobile/mobileRouteDefinitions.js:57,erp-modules/erp-system/src/main/java/com/erp/system/controller/HrOnboardingController.java:44 | erp-modules/erp-system/src/main/java/com/erp/system/controller/HrOnboardingController.java:62 | erp-modules/erp-system/src/main/java/com/erp/system/service/impl/SysTodoServiceImpl.java:112,sql/erp_hr_personnel_management_20260708.sql:208 | sql/erp_user_hr_onboarding_20260710.sql:290,待核验
hr:onboarding:query,7,erp-ui/src/views/hr/completeness/index.vue:152 | erp-ui/src/views/hr/onboarding/index.vue:182 | erp-ui/src/views/mobile/hr/index.vue:122 | erp-ui/src/views/mobile/hr/onboarding/index.vue:231 | erp-ui/src/views/mobile/mobileRouteDefinitions.js:106,erp-modules/erp-system/src/main/java/com/erp/system/controller/HrOnboardingController.java:79,sql/erp_user_hr_onboarding_20260710.sql:301,待核验
hr:onboarding:ready,4,erp-ui/src/views/hr/onboarding/onboardingFieldConfig.js:17 | erp-ui/src/views/mobile/hr/onboarding/detail.vue:182,erp-modules/erp-system/src/main/java/com/erp/system/controller/HrOnboardingController.java:108,sql/erp_user_hr_onboarding_20260710.sql:304,待核验
hr:onboarding:restore,4,erp-ui/src/views/hr/onboarding/onboardingFieldConfig.js:21 | erp-ui/src/views/mobile/hr/onboarding/detail.vue:186,erp-modules/erp-system/src/main/java/com/erp/system/controller/HrOnboardingController.java:135,sql/erp_user_hr_onboarding_20260710.sql:308,待核验
hr:onboarding:return,4,erp-ui/src/views/hr/onboarding/onboardingFieldConfig.js:18 | erp-ui/src/views/mobile/hr/onboarding/detail.vue:183,erp-modules/erp-system/src/main/java/com/erp/system/controller/HrOnboardingController.java:117,sql/erp_user_hr_onboarding_20260710.sql:305,待核验
hr:onboarding:workbench,7,erp-ui/src/views/mobile/mobileNavigation.js:101 | erp-ui/src/views/mobile/mobileNavigation.js:238 | erp-ui/src/views/mobile/mobileNavigation.js:541 | erp-ui/src/views/mobile/mobileNavigation.js:550 | erp-ui/src/views/mobile/mobileRouteDefinitions.js:37,erp-modules/erp-system/src/main/java/com/erp/system/controller/HrOnboardingController.java:54,sql/erp_user_hr_onboarding_20260710.sql:300,待核验
hr:team:direct,5,,erp-modules/erp-system/src/main/java/com/erp/system/service/impl/HrTeamServiceImpl.java:55,sql/erp_hr_team_permission_20260713.sql:47 | sql/erp_hr_team_permission_20260713.sql:50 | sql/erp_hr_team_permission_20260713.sql:69 | sql/erp_hr_team_permission_20260713.sql:89,待核验
hr:team:healthCertificate,4,,,sql/erp_hr_team_permission_20260713.sql:57 | sql/erp_hr_team_permission_20260713.sql:61 | sql/erp_hr_team_permission_20260713.sql:69 | sql/erp_hr_team_permission_20260713.sql:77,待核验
hr:team:list,10,erp-ui/src/views/mobile/mobileRouteDefinitions.js:181 | erp-ui/src/views/mobile/mobileRouteDefinitions.js:185,erp-modules/erp-system/src/main/java/com/erp/system/controller/HrTeamController.java:32 | erp-modules/erp-system/src/main/java/com/erp/system/controller/HrTeamController.java:44,sql/erp_hr_team_permission_20260713.sql:22 | sql/erp_hr_team_permission_20260713.sql:25 | sql/erp_hr_team_permission_20260713.sql:28 | sql/erp_hr_team_permission_20260713.sql:69 | sql/erp_hr_team_permission_20260713.sql:77 | sql/erp_hr_team_permission_20260713.sql:89,待核验
hr:team:store,5,,erp-modules/erp-system/src/main/java/com/erp/system/service/impl/HrTeamServiceImpl.java:54,sql/erp_hr_team_permission_20260713.sql:37 | sql/erp_hr_team_permission_20260713.sql:40 | sql/erp_hr_team_permission_20260713.sql:69 | sql/erp_hr_team_permission_20260713.sql:77,待核验
inv:audit:list,2,,erp-modules/erp-inventory/src/main/java/com/erp/inventory/controller/InvDocumentStatusLogController.java:21,sql/erp_ux_p0_permission_hardening_20260613.sql:84,待核验
inv:category:add,4,erp-ui/src/views/inventory/category/index.vue:155 | erp-ui/src/views/inventory/category/index.vue:31 | erp-ui/src/views/inventory/category/index.vue:85,erp-modules/erp-inventory/src/main/java/com/erp/inventory/controller/InvProductCategoryController.java:49,,待核验
inv:category:edit,3,erp-ui/src/views/inventory/category/index.vue:155 | erp-ui/src/views/inventory/category/index.vue:86,erp-modules/erp-inventory/src/main/java/com/erp/inventory/controller/InvProductCategoryController.java:60,,待核验
inv:category:list,11,erp-ui/src/views/inventory/category/index.vue:29 | erp-ui/src/views/inventory/category/index.vue:45 | erp-ui/src/views/inventory/product/index.vue:18 | erp-ui/src/views/inventory/stock/index.vue:19 | erp-ui/src/views/mobile/components/MobileWorkbenchShell.vue:282 | erp-ui/src/views/mobile/mobileNavigation.js:15 | erp-ui/src/views/mobile/mobileNavigation.js:27,erp-modules/erp-inventory/src/main/java/com/erp/inventory/controller/InvProductCategoryController.java:31 | erp-modules/erp-system/src/main/java/com/erp/system/service/FrontendFeatureCatalog.java:81,sql/erp_ux_p0_permission_hardening_20260613.sql:13 | sql/erp_ux_p0_permission_hardening_20260613.sql:174,待核验
inv:category:query,6,,erp-modules/erp-inventory/src/main/java/com/erp/inventory/controller/InvProductCategoryController.java:40,sql/erp_ux_p0_permission_hardening_20260613.sql:129 | sql/erp_ux_p0_permission_hardening_20260613.sql:175 | sql/erp_ux_p0_permission_hardening_20260613.sql:27 | sql/erp_ux_p0_permission_hardening_20260613.sql:47 | sql/erp_ux_p0_permission_hardening_20260613.sql:53,待核验
inv:category:remove,2,erp-ui/src/views/inventory/category/index.vue:90,erp-modules/erp-inventory/src/main/java/com/erp/inventory/controller/InvProductCategoryController.java:71,,待核验
inv:category:tree,6,erp-ui/src/views/inventory/product/index.vue:18 | erp-ui/src/views/inventory/stock/index.vue:19,erp-modules/erp-inventory/src/main/java/com/erp/inventory/controller/InvProductCategoryController.java:31,sql/erp_product_category_tree_permission_20260628.sql:16 | sql/erp_product_category_tree_permission_20260628.sql:26 | sql/erp_product_category_tree_permission_20260628.sql:49,待核验
inv:cost:view,15,erp-ui/src/views/inventory/product/index.vue:600 | erp-ui/src/views/inventory/report/index.vue:185 | erp-ui/src/views/mobile/feature/components/MobileLineItemsEditor.vue:295 | erp-ui/src/views/mobile/feature/featureMapper.js:877 | erp-ui/src/views/mobile/feature/mobileFormConfigs.js:67,erp-modules/erp-inventory/src/main/java/com/erp/inventory/controller/InvProductController.java:37 | erp-modules/erp-inventory/src/main/java/com/erp/inventory/controller/InvReportController.java:30 | erp-modules/erp-inventory/src/main/java/com/erp/inventory/controller/InvStockCheckController.java:39 | erp-modules/erp-inventory/src/main/java/com/erp/inventory/controller/InvStockController.java:34 | erp-modules/erp-inventory/src/main/java/com/erp/inventory/controller/InvSupplierController.java:32 | erp-modules/erp-inventory/src/main/java/com/erp/inventory/service/impl/InvTransferCostVisibilityPolicy.java:25,sql/erp_multi_account_store_audit_remediation_20260620.sql:14 | sql/erp_multi_account_store_audit_remediation_20260620.sql:22 | sql/erp_multi_account_store_audit_remediation_20260620.sql:37 | sql/erp_multi_account_store_audit_remediation_20260620.sql:54,待核验
inv:customer:add,2,,erp-modules/erp-inventory/src/main/java/com/erp/inventory/controller/InvCustomerController.java:186,sql/erp_inventory_customer_service_card_20260713.sql:122,待核验
inv:customer:edit,2,,erp-modules/erp-inventory/src/main/java/com/erp/inventory/controller/InvCustomerController.java:196,sql/erp_inventory_customer_service_card_20260713.sql:123,待核验
inv:customer:export,3,erp-ui/src/views/mobile/feature/mobileExportConfigs.js:9,erp-modules/erp-inventory/src/main/java/com/erp/inventory/controller/InvCustomerController.java:217,sql/erp_inventory_customer_service_card_20260713.sql:123,待核验
inv:customer:list,9,erp-ui/src/views/mobile/components/MobileWorkbenchShell.vue:268 | erp-ui/src/views/mobile/mobileNavigation.js:16 | erp-ui/src/views/mobile/mobileNavigation.js:28,erp-modules/erp-inventory/src/main/java/com/erp/inventory/controller/InvCustomerController.java:168 | erp-modules/erp-inventory/src/main/java/com/erp/inventory/controller/InvMobileController.java:24 | erp-modules/erp-inventory/src/main/java/com/erp/inventory/service/impl/InvMobileServiceImpl.java:34,sql/erp_inventory_customer_service_card_20260713.sql:102 | sql/erp_inventory_customer_service_card_20260713.sql:122 | sql/erp_inventory_customer_service_card_20260713.sql:210,待核验
inv:customer:option,5,,erp-modules/erp-inventory/src/main/java/com/erp/inventory/controller/InvCustomerController.java:61,sql/erp_inventory_customer_service_card_20260713.sql:130 | sql/erp_inventory_customer_service_card_20260713.sql:134 | sql/erp_inventory_customer_service_card_20260713.sql:214 | sql/erp_inventory_customer_service_card_20260713.sql:244,待核验
inv:customer:query,2,,erp-modules/erp-inventory/src/main/java/com/erp/inventory/controller/InvCustomerController.java:178,sql/erp_inventory_customer_service_card_20260713.sql:122,待核验
inv:customer:remove,3,,erp-modules/erp-inventory/src/main/java/com/erp/inventory/controller/InvCustomerController.java:206,sql/erp_inventory_customer_service_card_20260713.sql:123 | sql/erp_inventory_customer_service_card_20260713.sql:228,待核验
inv:gift:add,6,erp-ui/src/views/inventory/gift/index.vue:258 | erp-ui/src/views/inventory/gift/index.vue:73,erp-modules/erp-inventory/src/main/java/com/erp/inventory/controller/InvGiftController.java:51,sql/erp_database_drift_repair_20260709.sql:358 | sql/erp_database_drift_repair_20260709.sql:380 | sql/erp_inventory_oe_gift_management_20260706.sql:188,待核验
inv:gift:edit,6,erp-ui/src/views/inventory/gift/index.vue:166 | erp-ui/src/views/inventory/gift/index.vue:258,erp-modules/erp-inventory/src/main/java/com/erp/inventory/controller/InvGiftController.java:60,sql/erp_database_drift_repair_20260709.sql:359 | sql/erp_database_drift_repair_20260709.sql:380 | sql/erp_inventory_oe_gift_management_20260706.sql:189,待核验
inv:gift:export,6,erp-ui/src/views/inventory/gift/index.vue:76 | erp-ui/src/views/mobile/feature/mobileExportConfigs.js:8,erp-modules/erp-inventory/src/main/java/com/erp/inventory/controller/InvGiftController.java:79,sql/erp_database_drift_repair_20260709.sql:362 | sql/erp_database_drift_repair_20260709.sql:381 | sql/erp_inventory_oe_gift_management_20260706.sql:192,待核验
inv:gift:import,7,erp-ui/src/views/inventory/gift/index.vue:277 | erp-ui/src/views/inventory/gift/index.vue:74 | erp-ui/src/views/inventory/gift/index.vue:75,erp-modules/erp-inventory/src/main/java/com/erp/inventory/controller/InvGiftController.java:89,sql/erp_database_drift_repair_20260709.sql:361 | sql/erp_database_drift_repair_20260709.sql:381 | sql/erp_inventory_oe_gift_management_20260706.sql:191,待核验
inv:gift:list,11,erp-ui/src/views/inventory/gift/index.vue:129 | erp-ui/src/views/inventory/gift/index.vue:72 | erp-ui/src/views/inventory/gift/index.vue:96 | erp-ui/src/views/mobile/mobileNavigation.js:26,erp-modules/erp-inventory/src/main/java/com/erp/inventory/controller/InvGiftController.java:35,sql/erp_database_drift_repair_20260709.sql:317 | sql/erp_database_drift_repair_20260709.sql:318 | sql/erp_database_drift_repair_20260709.sql:331 | sql/erp_database_drift_repair_20260709.sql:380 | sql/erp_inventory_oe_gift_management_20260706.sql:144 | sql/erp_inventory_oe_gift_management_20260706.sql:148,待核验
inv:gift:query,5,erp-ui/src/views/inventory/gift/index.vue:165,erp-modules/erp-inventory/src/main/java/com/erp/inventory/controller/InvGiftController.java:44,sql/erp_database_drift_repair_20260709.sql:357 | sql/erp_database_drift_repair_20260709.sql:380 | sql/erp_inventory_oe_gift_management_20260706.sql:187,待核验
inv:gift:remove,5,erp-ui/src/views/inventory/gift/index.vue:167,erp-modules/erp-inventory/src/main/java/com/erp/inventory/controller/InvGiftController.java:69,sql/erp_database_drift_repair_20260709.sql:360 | sql/erp_database_drift_repair_20260709.sql:381 | sql/erp_inventory_oe_gift_management_20260706.sql:190,待核验
inv:gift:template,4,,erp-modules/erp-inventory/src/main/java/com/erp/inventory/controller/InvGiftController.java:101,sql/erp_database_drift_repair_20260709.sql:363 | sql/erp_database_drift_repair_20260709.sql:381 | sql/erp_inventory_oe_gift_management_20260706.sql:193,待核验
inv:oe:add,6,erp-ui/src/views/inventory/oe/index.vue:261 | erp-ui/src/views/inventory/oe/index.vue:73,erp-modules/erp-inventory/src/main/java/com/erp/inventory/controller/InvOeController.java:51,sql/erp_database_drift_repair_20260709.sql:346 | sql/erp_database_drift_repair_20260709.sql:376 | sql/erp_inventory_oe_gift_management_20260706.sql:176,待核验
inv:oe:edit,6,erp-ui/src/views/inventory/oe/index.vue:164 | erp-ui/src/views/inventory/oe/index.vue:261,erp-modules/erp-inventory/src/main/java/com/erp/inventory/controller/InvOeController.java:60,sql/erp_database_drift_repair_20260709.sql:347 | sql/erp_database_drift_repair_20260709.sql:376 | sql/erp_inventory_oe_gift_management_20260706.sql:177,待核验
inv:oe:export,6,erp-ui/src/views/inventory/oe/index.vue:76 | erp-ui/src/views/mobile/feature/mobileExportConfigs.js:7,erp-modules/erp-inventory/src/main/java/com/erp/inventory/controller/InvOeController.java:79,sql/erp_database_drift_repair_20260709.sql:350 | sql/erp_database_drift_repair_20260709.sql:377 | sql/erp_inventory_oe_gift_management_20260706.sql:180,待核验
inv:oe:import,7,erp-ui/src/views/inventory/oe/index.vue:280 | erp-ui/src/views/inventory/oe/index.vue:74 | erp-ui/src/views/inventory/oe/index.vue:75,erp-modules/erp-inventory/src/main/java/com/erp/inventory/controller/InvOeController.java:89,sql/erp_database_drift_repair_20260709.sql:349 | sql/erp_database_drift_repair_20260709.sql:377 | sql/erp_inventory_oe_gift_management_20260706.sql:179,待核验
inv:oe:list,11,erp-ui/src/views/inventory/oe/index.vue:129 | erp-ui/src/views/inventory/oe/index.vue:72 | erp-ui/src/views/inventory/oe/index.vue:96 | erp-ui/src/views/mobile/mobileNavigation.js:25,erp-modules/erp-inventory/src/main/java/com/erp/inventory/controller/InvOeController.java:35,sql/erp_database_drift_repair_20260709.sql:303 | sql/erp_database_drift_repair_20260709.sql:304 | sql/erp_database_drift_repair_20260709.sql:324 | sql/erp_database_drift_repair_20260709.sql:376 | sql/erp_inventory_oe_gift_management_20260706.sql:140 | sql/erp_inventory_oe_gift_management_20260706.sql:146,待核验
inv:oe:query,5,erp-ui/src/views/inventory/oe/index.vue:163,erp-modules/erp-inventory/src/main/java/com/erp/inventory/controller/InvOeController.java:44,sql/erp_database_drift_repair_20260709.sql:345 | sql/erp_database_drift_repair_20260709.sql:376 | sql/erp_inventory_oe_gift_management_20260706.sql:175,待核验
inv:oe:remove,5,erp-ui/src/views/inventory/oe/index.vue:165,erp-modules/erp-inventory/src/main/java/com/erp/inventory/controller/InvOeController.java:69,sql/erp_database_drift_repair_20260709.sql:348 | sql/erp_database_drift_repair_20260709.sql:377 | sql/erp_inventory_oe_gift_management_20260706.sql:178,待核验
inv:oe:template,4,,erp-modules/erp-inventory/src/main/java/com/erp/inventory/controller/InvOeController.java:101,sql/erp_database_drift_repair_20260709.sql:351 | sql/erp_database_drift_repair_20260709.sql:377 | sql/erp_inventory_oe_gift_management_20260706.sql:181,待核验
inv:product:add,4,erp-ui/src/views/inventory/product/index.vue:461 | erp-ui/src/views/inventory/product/index.vue:603 | erp-ui/src/views/inventory/product/index.vue:85,erp-modules/erp-inventory/src/main/java/com/erp/inventory/controller/InvProductController.java:63,,待核验
inv:product:edit,4,erp-ui/src/views/inventory/product/index.vue:164 | erp-ui/src/views/inventory/product/index.vue:461 | erp-ui/src/views/inventory/product/index.vue:603,erp-modules/erp-inventory/src/main/java/com/erp/inventory/controller/InvProductController.java:76,,待核验
inv:product:export,3,erp-ui/src/views/inventory/product/index.vue:87 | erp-ui/src/views/mobile/feature/mobileExportConfigs.js:6,erp-modules/erp-inventory/src/main/java/com/erp/inventory/controller/InvProductController.java:101,,待核验
inv:product:import,5,erp-ui/src/views/inventory/product/index.vue:496 | erp-ui/src/views/inventory/product/index.vue:86 | erp-ui/src/views/inventory/product/index.vue:88,erp-modules/erp-inventory/src/main/java/com/erp/inventory/controller/InvProductController.java:110,sql/erp_inventory_permission_alignment_20260613.sql:14,待核验
inv:product:list,14,erp-ui/src/views/inventory/product/index.vue:104 | erp-ui/src/views/inventory/product/index.vue:83 | erp-ui/src/views/mobile/components/MobileWorkbenchShell.vue:267 | erp-ui/src/views/mobile/components/MobileWorkbenchShell.vue:280 | erp-ui/src/views/mobile/mobileNavigation.js:24,erp-modules/erp-inventory/src/main/java/com/erp/inventory/controller/InvMobileController.java:24 | erp-modules/erp-inventory/src/main/java/com/erp/inventory/controller/InvProductController.java:42 | erp-modules/erp-inventory/src/main/java/com/erp/inventory/service/impl/InvMobileServiceImpl.java:33 | erp-modules/erp-system/src/main/java/com/erp/system/service/FrontendFeatureCatalog.java:83,sql/erp_multi_account_store_audit_remediation_20260620.sql:7 | sql/erp_product_category_tree_permission_20260628.sql:7 | sql/erp_product_category_tree_permission_20260628.sql:76 | sql/erp_ux_p0_permission_hardening_20260613.sql:172 | sql/erp_ux_p0_permission_hardening_20260613.sql:6,待核验
inv:product:query,7,erp-ui/src/views/inventory/product/index.vue:163,erp-modules/erp-inventory/src/main/java/com/erp/inventory/controller/InvProductController.java:53,sql/erp_ux_p0_permission_hardening_20260613.sql:106 | sql/erp_ux_p0_permission_hardening_20260613.sql:173 | sql/erp_ux_p0_permission_hardening_20260613.sql:20 | sql/erp_ux_p0_permission_hardening_20260613.sql:35 | sql/erp_ux_p0_permission_hardening_20260613.sql:41,待核验
inv:product:remove,2,erp-ui/src/views/inventory/product/index.vue:165,erp-modules/erp-inventory/src/main/java/com/erp/inventory/controller/InvProductController.java:89,,待核验
inv:purchase:add,14,erp-ui/src/views/inventory/purchase/index.vue:264 | erp-ui/src/views/inventory/purchase/index.vue:37 | erp-ui/src/views/inventory/purchase/index.vue:622 | erp-ui/src/views/mobile/feature/index.vue:415 | erp-ui/src/views/mobile/feature/index.vue:428 | erp-ui/src/views/mobile/feature/index.vue:443,erp-modules/erp-inventory/src/main/java/com/erp/inventory/controller/InvPurchaseController.java:103 | erp-modules/erp-inventory/src/main/java/com/erp/inventory/controller/InvPurchaseController.java:113 | erp-modules/erp-inventory/src/main/java/com/erp/inventory/controller/InvPurchaseController.java:123 | erp-modules/erp-inventory/src/main/java/com/erp/inventory/controller/InvPurchaseController.java:133 | erp-modules/erp-inventory/src/main/java/com/erp/inventory/controller/InvPurchaseController.java:39 | erp-modules/erp-inventory/src/main/java/com/erp/inventory/controller/InvPurchaseController.java:50 | erp-modules/erp-inventory/src/main/java/com/erp/inventory/service/impl/InvTodoServiceImpl.java:168 | erp-modules/erp-system/src/main/java/com/erp/system/service/FrontendFeatureCatalog.java:74,,待核验
inv:purchase:export,4,erp-ui/src/views/inventory/purchase/index.vue:38 | erp-ui/src/views/mobile/feature/mobileExportConfigs.js:3,erp-modules/erp-inventory/src/main/java/com/erp/inventory/controller/InvPurchaseController.java:230,sql/erp_inventory_permission_alignment_20260613.sql:20,待核验
inv:purchase:list,9,erp-ui/src/views/inventory/purchase/index.vue:35 | erp-ui/src/views/mobile/components/MobileWorkbenchShell.vue:271 | erp-ui/src/views/mobile/mobileNavigation.js:11,erp-modules/erp-inventory/src/main/java/com/erp/inventory/controller/InvPurchaseController.java:72 | erp-modules/erp-inventory/src/main/java/com/erp/inventory/controller/InvPurchaseController.java:83 | erp-modules/erp-inventory/src/main/java/com/erp/inventory/service/impl/InvTodoServiceImpl.java:141 | erp-modules/erp-inventory/src/main/java/com/erp/inventory/service/impl/InvTodoServiceImpl.java:143 | erp-modules/erp-system/src/main/java/com/erp/system/service/FrontendFeatureCatalog.java:73,sql/erp_ux_p0_permission_hardening_20260613.sql:179,待核验
inv:purchase:qc,10,erp-ui/src/views/inventory/purchase/index.vue:491 | erp-ui/src/views/inventory/purchase/index.vue:607 | erp-ui/src/views/inventory/purchase/index.vue:627 | erp-ui/src/views/mobile/feature/index.vue:485,erp-modules/erp-inventory/src/main/java/com/erp/inventory/controller/InvPurchaseController.java:165 | erp-modules/erp-inventory/src/main/java/com/erp/inventory/controller/InvPurchaseController.java:174 | erp-modules/erp-inventory/src/main/java/com/erp/inventory/controller/InvPurchaseController.java:187 | erp-modules/erp-inventory/src/main/java/com/erp/inventory/service/impl/InvTodoServiceImpl.java:141 | erp-modules/erp-system/src/main/java/com/erp/system/service/FrontendFeatureCatalog.java:76,sql/erp_inventory_permission_alignment_20260613.sql:18,待核验
inv:purchase:query,4,erp-ui/src/views/inventory/purchase/index.vue:612 | erp-ui/src/views/inventory/purchase/index.vue:620,erp-modules/erp-inventory/src/main/java/com/erp/inventory/controller/InvPurchaseController.java:156 | erp-modules/erp-inventory/src/main/java/com/erp/inventory/controller/InvPurchaseController.java:94,,待核验
inv:purchase:receive,7,erp-ui/src/views/inventory/purchase/index.vue:375 | erp-ui/src/views/inventory/purchase/index.vue:608 | erp-ui/src/views/inventory/purchase/index.vue:626 | erp-ui/src/views/mobile/feature/index.vue:486,erp-modules/erp-inventory/src/main/java/com/erp/inventory/controller/InvPurchaseController.java:143 | erp-modules/erp-inventory/src/main/java/com/erp/inventory/service/impl/InvTodoServiceImpl.java:143 | erp-modules/erp-system/src/main/java/com/erp/system/service/FrontendFeatureCatalog.java:75,,待核验
inv:purchase:remove,6,erp-ui/src/views/inventory/purchase/index.vue:624 | erp-ui/src/views/inventory/purchase/index.vue:628 | erp-ui/src/views/mobile/feature/index.vue:484 | erp-ui/src/views/mobile/feature/index.vue:487,erp-modules/erp-inventory/src/main/java/com/erp/inventory/controller/InvPurchaseController.java:206 | erp-modules/erp-inventory/src/main/java/com/erp/inventory/controller/InvPurchaseController.java:218,,待核验
inv:purchase:submit,8,erp-ui/src/views/inventory/purchase/index.vue:265 | erp-ui/src/views/inventory/purchase/index.vue:610 | erp-ui/src/views/inventory/purchase/index.vue:623 | erp-ui/src/views/mobile/feature/index.vue:444 | erp-ui/src/views/mobile/feature/index.vue:483,erp-modules/erp-inventory/src/main/java/com/erp/inventory/controller/InvPurchaseController.java:50 | erp-modules/erp-inventory/src/main/java/com/erp/inventory/controller/InvPurchaseController.java:61,sql/erp_inventory_permission_alignment_20260613.sql:16,待核验
inv:report:export,3,,erp-modules/erp-inventory/src/main/java/com/erp/inventory/controller/InvReportController.java:70,sql/erp_inventory_report_export_permission_20260810.sql:16 | sql/erp_inventory_report_export_permission_20260810.sql:9,待核验
inv:report:list,14,erp-ui/src/router/index.js:236 | erp-ui/src/views/inventory/report/index.vue:101 | erp-ui/src/views/inventory/report/index.vue:44,erp-modules/erp-inventory/src/main/java/com/erp/inventory/controller/InvReportController.java:35 | erp-modules/erp-inventory/src/main/java/com/erp/inventory/controller/InvReportController.java:46 | erp-modules/erp-inventory/src/main/java/com/erp/inventory/controller/InvReportController.java:57 | erp-modules/erp-system/src/main/java/com/erp/system/service/FrontendFeatureCatalog.java:87,sql/erp_inventory_permission_alignment_20260613.sql:10 | sql/erp_inventory_permission_alignment_20260613.sql:12 | sql/erp_inventory_report_export_permission_20260810.sql:12 | sql/erp_inventory_report_menu_20260612.sql:30 | sql/erp_inventory_report_menu_20260612.sql:8 | sql/erp_ux_p0_permission_hardening_20260613.sql:164 | sql/erp_ux_p0_permission_hardening_20260613.sql:182,待核验
inv:sales:add,7,erp-ui/src/views/inventory/sales/index.vue:209 | erp-ui/src/views/inventory/sales/index.vue:50 | erp-ui/src/views/inventory/sales/index.vue:77 | erp-ui/src/views/mobile/feature/index.vue:414 | erp-ui/src/views/mobile/feature/index.vue:427 | erp-ui/src/views/mobile/feature/index.vue:439,erp-modules/erp-inventory/src/main/java/com/erp/inventory/controller/InvSalesController.java:32,,待核验
inv:sales:deliver,2,erp-ui/src/views/mobile/feature/index.vue:481,erp-modules/erp-inventory/src/main/java/com/erp/inventory/controller/InvSalesController.java:75,,待核验
inv:sales:export,4,erp-ui/src/views/inventory/sales/index.vue:53 | erp-ui/src/views/mobile/feature/mobileExportConfigs.js:2,erp-modules/erp-inventory/src/main/java/com/erp/inventory/controller/InvSalesController.java:93,sql/erp_inventory_permission_alignment_20260613.sql:24,待核验
inv:sales:list,9,erp-ui/src/views/inventory/sales/index.vue:46 | erp-ui/src/views/mobile/components/MobileWorkbenchShell.vue:262 | erp-ui/src/views/mobile/mobileNavigation.js:10,erp-modules/erp-inventory/src/main/java/com/erp/inventory/controller/InvSalesController.java:50 | erp-modules/erp-inventory/src/main/java/com/erp/inventory/controller/InvSalesController.java:59 | erp-modules/erp-inventory/src/main/java/com/erp/inventory/service/impl/InvTodoServiceImpl.java:145 | erp-modules/erp-system/src/main/java/com/erp/system/service/FrontendFeatureCatalog.java:68,sql/erp_inventory_customer_service_card_20260713.sql:210 | sql/erp_ux_p0_permission_hardening_20260613.sql:178,待核验
inv:sales:query,2,erp-ui/src/views/inventory/sales/index.vue:76,erp-modules/erp-inventory/src/main/java/com/erp/inventory/controller/InvSalesController.java:68,,待核验
inv:sales:remove,3,erp-ui/src/views/inventory/sales/index.vue:80 | erp-ui/src/views/mobile/feature/index.vue:482,erp-modules/erp-inventory/src/main/java/com/erp/inventory/controller/InvSalesController.java:83,,待核验
inv:sales:submit,6,erp-ui/src/views/inventory/sales/index.vue:210 | erp-ui/src/views/inventory/sales/index.vue:78 | erp-ui/src/views/mobile/feature/index.vue:440 | erp-ui/src/views/mobile/feature/index.vue:480,erp-modules/erp-inventory/src/main/java/com/erp/inventory/controller/InvSalesController.java:41,sql/erp_inventory_permission_alignment_20260613.sql:22,待核验
inv:stock:adjust,7,erp-ui/src/views/inventory/stock/index.vue:158 | erp-ui/src/views/inventory/stock/index.vue:306,erp-modules/erp-inventory/src/main/java/com/erp/inventory/controller/InvStockController.java:73 | erp-modules/erp-inventory/src/main/java/com/erp/inventory/controller/InvStockController.java:86 | erp-modules/erp-inventory/src/main/java/com/erp/inventory/service/impl/InvTodoServiceImpl.java:168,sql/erp_inventory_stock_menu_split_20260607.sql:49 | sql/erp_multi_account_store_audit_remediation_20260620.sql:55,待核验
inv:stock:export,7,erp-ui/src/views/inventory/stock/index.vue:161 | erp-ui/src/views/inventory/stock/log.vue:62 | erp-ui/src/views/mobile/feature/mobileExportConfigs.js:4 | erp-ui/src/views/mobile/feature/mobileExportConfigs.js:5,erp-modules/erp-inventory/src/main/java/com/erp/inventory/controller/InvStockController.java:110 | erp-modules/erp-inventory/src/main/java/com/erp/inventory/controller/InvStockController.java:122,sql/erp_inventory_stock_menu_split_20260607.sql:51,待核验
inv:stock:list,15,erp-ui/src/views/inventory/stock/index.vue:154 | erp-ui/src/views/inventory/stock/index.vue:199 | erp-ui/src/views/mobile/components/MobileWorkbenchShell.vue:263 | erp-ui/src/views/mobile/mobileNavigation.js:14 | erp-ui/src/views/mobile/mobileRouteDefinitions.js:269,erp-modules/erp-inventory/src/main/java/com/erp/inventory/controller/InvMobileController.java:24 | erp-modules/erp-inventory/src/main/java/com/erp/inventory/controller/InvStockController.java:39 | erp-modules/erp-inventory/src/main/java/com/erp/inventory/controller/InvStockController.java:50 | erp-modules/erp-inventory/src/main/java/com/erp/inventory/service/impl/InvMobileServiceImpl.java:36 | erp-modules/erp-inventory/src/main/java/com/erp/inventory/service/impl/InvTodoServiceImpl.java:167 | erp-modules/erp-system/src/main/java/com/erp/system/service/FrontendFeatureCatalog.java:84,sql/erp_inventory_stock_menu_split_20260607.sql:15 | sql/erp_inventory_stock_menu_split_20260607.sql:26 | sql/erp_ux_p0_permission_hardening_20260613.sql:164 | sql/erp_ux_p0_permission_hardening_20260613.sql:181,待核验
inv:stock:log,10,erp-ui/src/router/index.js:222 | erp-ui/src/views/inventory/stock/index.vue:162 | erp-ui/src/views/inventory/stock/log.vue:60 | erp-ui/src/views/mobile/components/MobileWorkbenchShell.vue:283 | erp-ui/src/views/mobile/mobileNavigation.js:17 | erp-ui/src/views/mobile/mobileNavigation.js:30,erp-modules/erp-inventory/src/main/java/com/erp/inventory/controller/InvStockController.java:98,sql/erp_inventory_stock_menu_split_20260607.sql:50 | sql/erp_ux_p0_permission_hardening_20260613.sql:157 | sql/erp_ux_p0_permission_hardening_20260613.sql:61,待核验
inv:stock:query,2,,erp-modules/erp-inventory/src/main/java/com/erp/inventory/controller/InvStockController.java:63,sql/erp_inventory_stock_menu_split_20260607.sql:48,待核验
inv:supplier:add,3,erp-ui/src/views/inventory/supplier/index.vue:198 | erp-ui/src/views/inventory/supplier/index.vue:35,erp-modules/erp-inventory/src/main/java/com/erp/inventory/controller/InvSupplierController.java:67,,待核验
inv:supplier:edit,4,erp-ui/src/views/inventory/supplier/index.vue:198 | erp-ui/src/views/inventory/supplier/index.vue:63 | erp-ui/src/views/inventory/supplier/index.vue:65,erp-modules/erp-inventory/src/main/java/com/erp/inventory/controller/InvSupplierController.java:78,,待核验
inv:supplier:export,3,erp-ui/src/views/inventory/supplier/index.vue:36 | erp-ui/src/views/mobile/feature/mobileExportConfigs.js:10,erp-modules/erp-inventory/src/main/java/com/erp/inventory/controller/InvSupplierController.java:101,,待核验
inv:supplier:list,7,erp-ui/src/views/inventory/supplier/index.vue:34 | erp-ui/src/views/mobile/components/MobileWorkbenchShell.vue:281 | erp-ui/src/views/mobile/mobileNavigation.js:29,erp-modules/erp-inventory/src/main/java/com/erp/inventory/controller/InvMobileController.java:24 | erp-modules/erp-inventory/src/main/java/com/erp/inventory/controller/InvSupplierController.java:37 | erp-modules/erp-inventory/src/main/java/com/erp/inventory/service/impl/InvMobileServiceImpl.java:35 | erp-modules/erp-system/src/main/java/com/erp/system/service/FrontendFeatureCatalog.java:82,,待核验
inv:supplier:query,3,erp-ui/src/views/inventory/supplier/index.vue:62,erp-modules/erp-inventory/src/main/java/com/erp/inventory/controller/InvSupplierController.java:47 | erp-modules/erp-inventory/src/main/java/com/erp/inventory/controller/InvSupplierController.java:56,,待核验
inv:supplier:remove,2,erp-ui/src/views/inventory/supplier/index.vue:77,erp-modules/erp-inventory/src/main/java/com/erp/inventory/controller/InvSupplierController.java:89,,待核验
inv:transfer:add,19,erp-ui/src/views/inventory/transfer/index.vue:243 | erp-ui/src/views/inventory/transfer/index.vue:38 | erp-ui/src/views/inventory/transfer/index.vue:39 | erp-ui/src/views/mobile/feature/index.vue:419 | erp-ui/src/views/mobile/feature/index.vue:420 | erp-ui/src/views/mobile/feature/index.vue:431 | erp-ui/src/views/mobile/feature/index.vue:432 | erp-ui/src/views/mobile/feature/index.vue:459 | erp-ui/src/views/mobile/feature/index.vue:463,erp-modules/erp-inventory/src/main/java/com/erp/inventory/controller/InvGiftCategoryController.java:31 | erp-modules/erp-inventory/src/main/java/com/erp/inventory/controller/InvTransferController.java:160 | erp-modules/erp-inventory/src/main/java/com/erp/inventory/controller/InvTransferController.java:172 | erp-modules/erp-inventory/src/main/java/com/erp/inventory/controller/InvTransferController.java:188 | erp-modules/erp-inventory/src/main/java/com/erp/inventory/controller/InvTransferController.java:200 | erp-modules/erp-inventory/src/main/java/com/erp/inventory/controller/InvTransferController.java:212 | erp-modules/erp-inventory/src/main/java/com/erp/inventory/service/impl/InvTodoServiceImpl.java:166 | erp-modules/erp-inventory/src/main/java/com/erp/inventory/service/impl/InvTodoServiceImpl.java:168 | erp-modules/erp-inventory/src/main/java/com/erp/inventory/service/impl/InvTodoServiceImpl.java:335 | erp-modules/erp-inventory/src/main/java/com/erp/inventory/service/impl/InvTodoServiceImpl.java:336,,待核验
inv:transfer:approvalStartOutbox,7,,erp-modules/erp-inventory/src/main/java/com/erp/inventory/controller/InvTransferApprovalStartOutboxController.java:39 | erp-modules/erp-inventory/src/main/java/com/erp/inventory/controller/InvTransferApprovalStartOutboxController.java:47 | erp-modules/erp-inventory/src/main/java/com/erp/inventory/controller/InvTransferApprovalStartOutboxController.java:54,sql/erp_unified_approval_seed_20260716.sql:1012 | sql/erp_unified_approval_seed_20260716.sql:1015 | sql/erp_unified_approval_seed_20260716.sql:1042 | sql/erp_unified_approval_seed_20260716.sql:1043,待核验
inv:transfer:approve,29,erp-ui/src/views/approval/manage/components/RuleWizard.vue:250 | erp-ui/src/views/inventory/transfer/index.vue:1154 | erp-ui/src/views/inventory/transfer/index.vue:1170 | erp-ui/src/views/inventory/transfer/index.vue:1171 | erp-ui/src/views/inventory/transfer/index.vue:1172 | erp-ui/src/views/inventory/transfer/index.vue:470 | erp-ui/src/views/inventory/transfer/index.vue:476 | erp-ui/src/views/inventory/transfer/index.vue:482 | erp-ui/src/views/inventory/transfer/index.vue:542 | erp-ui/src/views/mobile/components/MobileWorkbenchShell.vue:266 | erp-ui/src/views/mobile/components/MobileWorkbenchShell.vue:275 | erp-ui/src/views/mobile/feature/index.vue:509 | erp-ui/src/views/mobile/feature/index.vue:510 | erp-ui/src/views/mobile/feature/index.vue:511 | erp-ui/src/views/mobile/mobileNavigation.js:22 | erp-ui/src/views/mobile/mobileRouteDefinitions.js:1129,erp-modules/erp-approval/src/main/java/com/erp/approval/service/ApprovalPermissionPolicy.java:14 | erp-modules/erp-inventory/src/main/java/com/erp/inventory/controller/InvMobileController.java:39 | erp-modules/erp-inventory/src/main/java/com/erp/inventory/controller/InvTransferController.java:159 | erp-modules/erp-inventory/src/main/java/com/erp/inventory/controller/InvTransferController.java:187 | erp-modules/erp-inventory/src/main/java/com/erp/inventory/controller/InvTransferController.java:199 | erp-modules/erp-inventory/src/main/java/com/erp/inventory/controller/InvTransferController.java:236 | erp-modules/erp-inventory/src/main/java/com/erp/inventory/service/impl/InvTodoServiceImpl.java:135,sql/erp_inventory_transfer_four_level_approval_20260713.sql:122 | sql/erp_inventory_transfer_four_level_approval_20260713.sql:72 | sql/erp_unified_approval_center_20260714.sql:1286 | sql/erp_unified_approval_center_20260714.sql:867 | sql/erp_unified_approval_center_20260714.sql:900 | sql/erp_unified_approval_seed_20260716.sql:848,待核验
inv:transfer:deliver,12,erp-ui/src/views/inventory/transfer/index.vue:1148 | erp-ui/src/views/inventory/transfer/index.vue:1175 | erp-ui/src/views/inventory/transfer/index.vue:570 | erp-ui/src/views/mobile/feature/index.vue:512,erp-modules/erp-inventory/src/main/java/com/erp/inventory/controller/InvTransferController.java:249 | erp-modules/erp-inventory/src/main/java/com/erp/inventory/controller/InvTransferController.java:260 | erp-modules/erp-inventory/src/main/java/com/erp/inventory/controller/InvTransferController.java:274 | erp-modules/erp-inventory/src/main/java/com/erp/inventory/service/impl/InvTodoServiceImpl.java:149,sql/erp_inventory_oe_replenishment_20260713.sql:123 | sql/erp_inventory_store_return_20260713.sql:94 | sql/erp_inventory_warehouse_transfer_menu_20260607.sql:36 | sql/erp_multi_account_store_audit_remediation_20260620.sql:56,待核验
inv:transfer:discrepancy:adjudicate,4,,erp-modules/erp-inventory/src/main/java/com/erp/inventory/controller/InvTransferController.java:359 | erp-modules/erp-inventory/src/main/java/com/erp/inventory/controller/InvTransferController.java:370 | erp-modules/erp-inventory/src/main/java/com/erp/inventory/controller/InvTransferController.java:383 | erp-modules/erp-inventory/src/main/java/com/erp/inventory/domain/transfer/InvTransferReceiptDiscrepancyAdjudicationPolicy.java:24,,待核验
inv:transfer:discrepancy:execute,1,,erp-modules/erp-inventory/src/main/java/com/erp/inventory/domain/transfer/InvTransferReceiptDiscrepancyAdjudicationExecutionPolicy.java:23,,待核验
inv:transfer:discrepancy:handle,11,erp-ui/src/views/inventory/transfer/index.vue:1147 | erp-ui/src/views/inventory/transfer/index.vue:1177 | erp-ui/src/views/inventory/transfer/index.vue:453,erp-modules/erp-inventory/src/main/java/com/erp/inventory/controller/InvTransferController.java:341 | erp-modules/erp-inventory/src/main/java/com/erp/inventory/controller/InvTransferController.java:350 | erp-modules/erp-inventory/src/main/java/com/erp/inventory/controller/InvTransferController.java:401 | erp-modules/erp-inventory/src/main/java/com/erp/inventory/service/impl/InvTodoServiceImpl.java:153,sql/erp_inventory_transfer_discrepancy_20260713.sql:79 | sql/erp_inventory_transfer_discrepancy_20260713.sql:84 | sql/erp_inventory_transfer_discrepancy_20260713.sql:93 | sql/erp_inventory_transfer_discrepancy_20260713.sql:98,待核验
inv:transfer:edit,13,erp-ui/src/views/inventory/transfer/index.vue:1166 | erp-ui/src/views/inventory/transfer/index.vue:243 | erp-ui/src/views/mobile/feature/index.vue:431 | erp-ui/src/views/mobile/feature/index.vue:432 | erp-ui/src/views/mobile/feature/index.vue:459 | erp-ui/src/views/mobile/feature/index.vue:463,erp-modules/erp-inventory/src/main/java/com/erp/inventory/controller/InvTransferController.java:160 | erp-modules/erp-inventory/src/main/java/com/erp/inventory/controller/InvTransferController.java:173 | erp-modules/erp-inventory/src/main/java/com/erp/inventory/controller/InvTransferController.java:188 | erp-modules/erp-inventory/src/main/java/com/erp/inventory/controller/InvTransferController.java:200 | erp-modules/erp-inventory/src/main/java/com/erp/inventory/controller/InvTransferController.java:212 | erp-modules/erp-inventory/src/main/java/com/erp/inventory/service/impl/InvTodoServiceImpl.java:166 | erp-modules/erp-inventory/src/main/java/com/erp/inventory/service/impl/InvTodoServiceImpl.java:336,,待核验
inv:transfer:export,4,erp-ui/src/views/inventory/transfer/index.vue:40 | erp-ui/src/views/mobile/feature/mobileExportConfigs.js:15,erp-modules/erp-inventory/src/main/java/com/erp/inventory/controller/InvTransferController.java:453,sql/erp_inventory_warehouse_transfer_menu_20260607.sql:37,待核验
inv:transfer:list,26,erp-ui/src/views/inventory/transfer/index.vue:36 | erp-ui/src/views/mobile/components/MobileWorkbenchShell.vue:265 | erp-ui/src/views/mobile/components/MobileWorkbenchShell.vue:276 | erp-ui/src/views/mobile/components/MobileWorkbenchShell.vue:277 | erp-ui/src/views/mobile/components/MobileWorkbenchShell.vue:278 | erp-ui/src/views/mobile/components/MobileWorkbenchShell.vue:284 | erp-ui/src/views/mobile/mobileNavigation.js:20 | erp-ui/src/views/mobile/mobileNavigation.js:21 | erp-ui/src/views/mobile/mobileRouteDefinitions.js:621,erp-modules/erp-inventory/src/main/java/com/erp/inventory/controller/InvGiftCategoryController.java:31 | erp-modules/erp-inventory/src/main/java/com/erp/inventory/controller/InvTransferController.java:104 | erp-modules/erp-inventory/src/main/java/com/erp/inventory/controller/InvTransferController.java:116 | erp-modules/erp-inventory/src/main/java/com/erp/inventory/controller/InvTransferController.java:129 | erp-modules/erp-inventory/src/main/java/com/erp/inventory/service/impl/InvTodoServiceImpl.java:135 | erp-modules/erp-inventory/src/main/java/com/erp/inventory/service/impl/InvTodoServiceImpl.java:149 | erp-modules/erp-inventory/src/main/java/com/erp/inventory/service/impl/InvTodoServiceImpl.java:151 | erp-modules/erp-inventory/src/main/java/com/erp/inventory/service/impl/InvTodoServiceImpl.java:153 | erp-modules/erp-inventory/src/main/java/com/erp/inventory/service/impl/InvTodoServiceImpl.java:165,sql/erp_inventory_oe_replenishment_20260713.sql:127 | sql/erp_inventory_oe_replenishment_20260713.sql:63 | sql/erp_inventory_store_return_20260713.sql:85 | sql/erp_inventory_store_return_20260713.sql:99 | sql/erp_inventory_transfer_discrepancy_20260713.sql:69 | sql/erp_inventory_warehouse_transfer_menu_20260607.sql:11 | sql/erp_ux_p0_permission_hardening_20260613.sql:164 | sql/erp_ux_p0_permission_hardening_20260613.sql:180,待核验
inv:transfer:query,9,erp-ui/src/views/inventory/transfer/index.vue:1152 | erp-ui/src/views/inventory/transfer/index.vue:1157 | erp-ui/src/views/inventory/transfer/index.vue:1165,erp-modules/erp-inventory/src/main/java/com/erp/inventory/controller/InvTransferController.java:158 | erp-modules/erp-inventory/src/main/java/com/erp/inventory/controller/InvTransferController.java:186 | erp-modules/erp-inventory/src/main/java/com/erp/inventory/controller/InvTransferController.java:198 | erp-modules/erp-inventory/src/main/java/com/erp/inventory/controller/InvTransferController.java:341 | erp-modules/erp-inventory/src/main/java/com/erp/inventory/controller/InvTransferController.java:350,sql/erp_inventory_warehouse_transfer_menu_20260607.sql:35,待核验
inv:transfer:receive,13,erp-ui/src/views/inventory/transfer/index.vue:1149 | erp-ui/src/views/inventory/transfer/index.vue:1176 | erp-ui/src/views/inventory/transfer/index.vue:619 | erp-ui/src/views/mobile/feature/index.vue:513,erp-modules/erp-inventory/src/main/java/com/erp/inventory/controller/InvTransferController.java:288 | erp-modules/erp-inventory/src/main/java/com/erp/inventory/controller/InvTransferController.java:299 | erp-modules/erp-inventory/src/main/java/com/erp/inventory/controller/InvTransferController.java:314 | erp-modules/erp-inventory/src/main/java/com/erp/inventory/controller/InvTransferController.java:327 | erp-modules/erp-inventory/src/main/java/com/erp/inventory/service/impl/InvTodoServiceImpl.java:151,sql/erp_inventory_store_return_20260713.sql:93 | sql/erp_inventory_store_transfer_receive_permission_20260703.sql:7 | sql/erp_inventory_transfer_discrepancy_20260713.sql:94 | sql/erp_multi_account_store_audit_remediation_20260620.sql:57,待核验
inv:transfer:records,5,erp-ui/src/views/inventory/transfer/records.vue:28 | erp-ui/src/views/mobile/mobileNavigation.js:19 | erp-ui/src/views/mobile/mobileNavigation.js:31,erp-modules/erp-inventory/src/main/java/com/erp/inventory/controller/InvTransferController.java:145,sql/erp_inventory_warehouse_transfer_menu_20260607.sql:13,待核验
inv:transfer:records:export,4,erp-ui/src/views/inventory/transfer/records.vue:30 | erp-ui/src/views/mobile/feature/mobileExportConfigs.js:16,erp-modules/erp-inventory/src/main/java/com/erp/inventory/controller/InvTransferController.java:463,sql/erp_inventory_warehouse_transfer_menu_20260607.sql:39,待核验
inv:transfer:records:query,5,erp-ui/src/views/inventory/transfer/records.vue:82,erp-modules/erp-inventory/src/main/java/com/erp/inventory/controller/InvTransferController.java:159 | erp-modules/erp-inventory/src/main/java/com/erp/inventory/controller/InvTransferController.java:187 | erp-modules/erp-inventory/src/main/java/com/erp/inventory/controller/InvTransferController.java:199,sql/erp_inventory_warehouse_transfer_menu_20260607.sql:38,待核验
inv:transfer:remove,6,erp-ui/src/views/inventory/transfer/index.vue:1180 | erp-ui/src/views/mobile/feature/index.vue:506 | erp-ui/src/views/mobile/feature/index.vue:508 | erp-ui/src/views/mobile/feature/index.vue:515,erp-modules/erp-inventory/src/main/java/com/erp/inventory/controller/InvTransferController.java:415 | erp-modules/erp-inventory/src/main/java/com/erp/inventory/controller/InvTransferController.java:428,,待核验
inv:transfer:rule:add,3,erp-ui/src/views/inventory/transfer/rules.vue:209 | erp-ui/src/views/inventory/transfer/rules.vue:26,erp-modules/erp-inventory/src/main/java/com/erp/inventory/controller/InvTransferApprovalRuleController.java:53,,待核验
inv:transfer:rule:edit,3,erp-ui/src/views/inventory/transfer/rules.vue:209 | erp-ui/src/views/inventory/transfer/rules.vue:61,erp-modules/erp-inventory/src/main/java/com/erp/inventory/controller/InvTransferApprovalRuleController.java:62,,待核验
inv:transfer:rule:list,3,erp-ui/src/views/inventory/transfer/rules.vue:25 | erp-ui/src/views/mobile/mobileNavigation.js:48,erp-modules/erp-inventory/src/main/java/com/erp/inventory/controller/InvTransferApprovalRuleController.java:37,,待核验
inv:transfer:rule:query,4,erp-ui/src/views/inventory/transfer/rules.vue:62,erp-modules/erp-inventory/src/main/java/com/erp/inventory/controller/InvTransferApprovalRuleController.java:46 | erp-modules/erp-inventory/src/main/java/com/erp/inventory/controller/InvTransferApprovalRuleController.java:80 | erp-modules/erp-inventory/src/main/java/com/erp/inventory/controller/InvTransferApprovalRuleController.java:87,,待核验
inv:transfer:rule:remove,2,erp-ui/src/views/inventory/transfer/rules.vue:63,erp-modules/erp-inventory/src/main/java/com/erp/inventory/controller/InvTransferApprovalRuleController.java:71,,待核验
inv:transfer:submit,16,erp-ui/src/views/inventory/transfer/index.vue:1156 | erp-ui/src/views/inventory/transfer/index.vue:1167 | erp-ui/src/views/inventory/transfer/index.vue:1178 | erp-ui/src/views/inventory/transfer/index.vue:244 | erp-ui/src/views/inventory/transfer/index.vue:488 | erp-ui/src/views/mobile/feature/index.vue:460 | erp-ui/src/views/mobile/feature/index.vue:464 | erp-ui/src/views/mobile/feature/index.vue:505 | erp-ui/src/views/mobile/feature/index.vue:507 | erp-ui/src/views/mobile/feature/index.vue:514,erp-modules/erp-inventory/src/main/java/com/erp/inventory/controller/InvTransferController.java:160 | erp-modules/erp-inventory/src/main/java/com/erp/inventory/controller/InvTransferController.java:173 | erp-modules/erp-inventory/src/main/java/com/erp/inventory/controller/InvTransferController.java:188 | erp-modules/erp-inventory/src/main/java/com/erp/inventory/controller/InvTransferController.java:200 | erp-modules/erp-inventory/src/main/java/com/erp/inventory/controller/InvTransferController.java:224 | erp-modules/erp-inventory/src/main/java/com/erp/inventory/controller/InvTransferController.java:441,,待核验
monitor:job:add,2,erp-ui/src/views/monitor/job/index.vue:49,erp-modules/erp-job/src/main/java/com/erp/job/controller/SysJobController.java:81,,待核验
monitor:job:changeStatus,4,erp-ui/src/views/monitor/job/index.vue:140 | erp-ui/src/views/monitor/job/index.vue:144,erp-modules/erp-job/src/main/java/com/erp/job/controller/SysJobController.java:153 | erp-modules/erp-job/src/main/java/com/erp/job/controller/SysJobController.java:166,,待核验
monitor:job:edit,3,erp-ui/src/views/monitor/job/index.vue:131 | erp-ui/src/views/monitor/job/index.vue:60,erp-modules/erp-job/src/main/java/com/erp/job/controller/SysJobController.java:117,,待核验
monitor:job:export,6,erp-ui/src/views/mobile/feature/mobileExportConfigs.js:28 | erp-ui/src/views/mobile/feature/mobileExportConfigs.js:29 | erp-ui/src/views/monitor/job/index.vue:81 | erp-ui/src/views/monitor/job/log.vue:92,erp-modules/erp-job/src/main/java/com/erp/job/controller/SysJobController.java:58 | erp-modules/erp-job/src/main/java/com/erp/job/controller/SysJobLogController.java:49,,待核验
monitor:job:list,5,erp-ui/src/router/index.js:208 | erp-ui/src/views/mobile/mobileNavigation.js:44 | erp-ui/src/views/mobile/mobileNavigation.js:45,erp-modules/erp-job/src/main/java/com/erp/job/controller/SysJobController.java:46 | erp-modules/erp-job/src/main/java/com/erp/job/controller/SysJobLogController.java:37,,待核验
monitor:job:query,6,erp-ui/src/views/monitor/job/index.vue:140 | erp-ui/src/views/monitor/job/index.vue:146 | erp-ui/src/views/monitor/job/index.vue:91 | erp-ui/src/views/monitor/job/log.vue:137,erp-modules/erp-job/src/main/java/com/erp/job/controller/SysJobController.java:71 | erp-modules/erp-job/src/main/java/com/erp/job/controller/SysJobLogController.java:62,,待核验
monitor:job:remove,7,erp-ui/src/views/monitor/job/index.vue:138 | erp-ui/src/views/monitor/job/index.vue:71 | erp-ui/src/views/monitor/job/log.vue:72 | erp-ui/src/views/monitor/job/log.vue:82,erp-modules/erp-job/src/main/java/com/erp/job/controller/SysJobController.java:178 | erp-modules/erp-job/src/main/java/com/erp/job/controller/SysJobLogController.java:72 | erp-modules/erp-job/src/main/java/com/erp/job/controller/SysJobLogController.java:83,,待核验
monitor:online:forceLogout,2,erp-ui/src/views/monitor/online/index.vue:55,erp-modules/erp-system/src/main/java/com/erp/system/controller/SysUserOnlineController.java:75,,待核验
monitor:online:list,2,erp-ui/src/views/mobile/mobileNavigation.js:46,erp-modules/erp-system/src/main/java/com/erp/system/controller/SysUserOnlineController.java:41,,待核验
oa:attendance:export,3,erp-ui/src/views/mobile/feature/mobileExportConfigs.js:18 | erp-ui/src/views/oa/attendance/index.vue:110,erp-modules/erp-oa/src/main/java/com/erp/oa/controller/OaAttendanceController.java:77,,待核验
oa:attendance:list,4,erp-ui/src/views/mobile/feature/featureService.js:672 | erp-ui/src/views/oa/attendance/index.vue:226 | erp-ui/src/views/oa/index.vue:64,erp-modules/erp-oa/src/main/java/com/erp/oa/controller/OaAttendanceController.java:68,,待核验
oa:attendance:query,2,erp-ui/src/views/oa/index.vue:64,erp-modules/erp-oa/src/main/java/com/erp/oa/controller/OaAttendanceController.java:52,,待核验
oa:done:*,2,,,sql/erp_unified_approval_center_20260714.sql:1128 | sql/erp_unified_approval_seed_20260716.sql:690,待核验
oa:done:list,1,,,sql/erp_oa_purchase_permission_alignment_20260704.sql:35,待核验
oa:purchase:*,2,,,sql/erp_unified_approval_center_20260714.sql:1127 | sql/erp_unified_approval_seed_20260716.sql:689,待核验
oa:purchase:add,22,erp-ui/src/views/mobile/feature/index.vue:422 | erp-ui/src/views/mobile/feature/index.vue:434 | erp-ui/src/views/mobile/feature/index.vue:470 | erp-ui/src/views/mobile/feature/index.vue:471 | erp-ui/src/views/mobile/feature/index.vue:518 | erp-ui/src/views/oa/index.vue:80 | erp-ui/src/views/oa/purchase/index.vue:50 | erp-ui/src/views/oa/purchase/index.vue:89 | erp-ui/src/views/oa/purchase/index.vue:90 | erp-ui/src/views/oa/purchase/index.vue:91 | erp-ui/src/views/oa/purchase/index.vue:92,erp-modules/erp-oa/src/main/java/com/erp/oa/controller/OaPurchaseController.java:39 | erp-modules/erp-oa/src/main/java/com/erp/oa/controller/OaPurchaseController.java:48 | erp-modules/erp-oa/src/main/java/com/erp/oa/controller/OaPurchaseController.java:57 | erp-modules/erp-oa/src/main/java/com/erp/oa/controller/OaPurchaseController.java:66 | erp-modules/erp-oa/src/main/java/com/erp/oa/controller/OaPurchaseController.java:88 | erp-modules/erp-oa/src/main/java/com/erp/oa/controller/OaPurchaseController.java:96 | erp-modules/erp-oa/src/main/java/com/erp/oa/service/impl/OaTodoServiceImpl.java:131,sql/erp_oa_purchase_permission_alignment_20260704.sql:15 | sql/erp_oa_purchase_permission_alignment_20260704.sql:27 | sql/erp_unified_approval_center_20260714.sql:1123 | sql/erp_unified_approval_seed_20260716.sql:685,待核验
oa:purchase:approvalStartOutbox,7,,erp-modules/erp-oa/src/main/java/com/erp/oa/controller/OaPurchaseApprovalStartOutboxController.java:39 | erp-modules/erp-oa/src/main/java/com/erp/oa/controller/OaPurchaseApprovalStartOutboxController.java:47 | erp-modules/erp-oa/src/main/java/com/erp/oa/controller/OaPurchaseApprovalStartOutboxController.java:54,sql/erp_unified_approval_seed_20260716.sql:1024 | sql/erp_unified_approval_seed_20260716.sql:1027 | sql/erp_unified_approval_seed_20260716.sql:1046 | sql/erp_unified_approval_seed_20260716.sql:1047,待核验
oa:purchase:export,7,erp-ui/src/views/mobile/feature/mobileExportConfigs.js:17 | erp-ui/src/views/oa/purchase/index.vue:51,erp-modules/erp-oa/src/main/java/com/erp/oa/controller/OaPurchaseController.java:105,sql/erp_oa_purchase_permission_alignment_20260704.sql:16 | sql/erp_oa_purchase_permission_alignment_20260704.sql:28 | sql/erp_unified_approval_center_20260714.sql:1123 | sql/erp_unified_approval_seed_20260716.sql:685,待核验
oa:purchase:list,11,erp-ui/src/views/oa/index.vue:80,erp-modules/erp-oa/src/main/java/com/erp/oa/controller/OaPurchaseController.java:79 | erp-modules/erp-oa/src/main/java/com/erp/oa/service/impl/OaTodoServiceImpl.java:131 | erp-modules/erp-system/src/main/java/com/erp/system/service/FrontendFeatureCatalog.java:54,sql/erp_oa_purchase_permission_alignment_20260704.sql:13 | sql/erp_oa_purchase_permission_alignment_20260704.sql:25 | sql/erp_oa_purchase_permission_alignment_20260704.sql:33 | sql/erp_unified_approval_center_20260714.sql:1113 | sql/erp_unified_approval_center_20260714.sql:1122 | sql/erp_unified_approval_seed_20260716.sql:675 | sql/erp_unified_approval_seed_20260716.sql:684,待核验
oa:purchase:query,5,,erp-modules/erp-oa/src/main/java/com/erp/oa/controller/OaPurchaseController.java:96,sql/erp_oa_purchase_permission_alignment_20260704.sql:14 | sql/erp_oa_purchase_permission_alignment_20260704.sql:26 | sql/erp_unified_approval_center_20260714.sql:1122 | sql/erp_unified_approval_seed_20260716.sql:684,待核验
oa:salary:calculate,5,erp-ui/src/views/mobile/feature/index.vue:519 | erp-ui/src/views/oa/salary/index.vue:57,erp-modules/erp-oa/src/main/java/com/erp/oa/controller/OaSalaryController.java:75 | erp-modules/erp-oa/src/main/java/com/erp/oa/controller/OaSalaryController.java:87,sql/erp_multi_account_store_audit_remediation_20260620.sql:72,待核验
oa:salary:config,5,erp-ui/src/views/oa/salary/index.vue:167 | erp-ui/src/views/oa/salary/index.vue:58,erp-modules/erp-oa/src/main/java/com/erp/oa/controller/OaSalaryController.java:34 | erp-modules/erp-oa/src/main/java/com/erp/oa/controller/OaSalaryController.java:41,sql/erp_multi_account_store_audit_remediation_20260620.sql:73,待核验
oa:salary:export,4,erp-ui/src/views/mobile/feature/mobileExportConfigs.js:19 | erp-ui/src/views/oa/salary/index.vue:59,erp-modules/erp-oa/src/main/java/com/erp/oa/controller/OaSalaryController.java:102,sql/erp_multi_account_store_audit_remediation_20260620.sql:71,待核验
oa:salary:list,5,erp-ui/src/views/mobile/feature/featureService.js:677 | erp-ui/src/views/oa/index.vue:72 | erp-ui/src/views/oa/salary/index.vue:242,erp-modules/erp-oa/src/main/java/com/erp/oa/controller/OaSalaryController.java:66,sql/erp_multi_account_store_audit_remediation_20260620.sql:70,待核验
oa:salary:query,2,erp-ui/src/views/oa/index.vue:72,erp-modules/erp-oa/src/main/java/com/erp/oa/controller/OaSalaryController.java:50,,待核验
oa:todo:*,2,,,sql/erp_unified_approval_center_20260714.sql:1128 | sql/erp_unified_approval_seed_20260716.sql:690,待核验
oa:todo:approve,23,erp-ui/src/views/approval/manage/components/RuleWizard.vue:249 | erp-ui/src/views/mobile/mobileRouteDefinitions.js:141 | erp-ui/src/views/mobile/mobileRouteDefinitions.js:144,erp-modules/erp-approval/src/main/java/com/erp/approval/service/ApprovalPermissionPolicy.java:13 | erp-modules/erp-oa/src/main/java/com/erp/oa/controller/OaPurchaseController.java:96,sql/erp_unified_approval_center_20260714.sql:1162 | sql/erp_unified_approval_center_20260714.sql:1176 | sql/erp_unified_approval_center_20260714.sql:1194 | sql/erp_unified_approval_center_20260714.sql:1208 | sql/erp_unified_approval_center_20260714.sql:1211 | sql/erp_unified_approval_center_20260714.sql:1219 | sql/erp_unified_approval_center_20260714.sql:1223 | sql/erp_unified_approval_center_20260714.sql:1248 | sql/erp_unified_approval_center_20260714.sql:1277 | sql/erp_unified_approval_seed_20260716.sql:724 | sql/erp_unified_approval_seed_20260716.sql:738 | sql/erp_unified_approval_seed_20260716.sql:756 | sql/erp_unified_approval_seed_20260716.sql:770 | sql/erp_unified_approval_seed_20260716.sql:773 | sql/erp_unified_approval_seed_20260716.sql:781 | sql/erp_unified_approval_seed_20260716.sql:785 | sql/erp_unified_approval_seed_20260716.sql:810 | sql/erp_unified_approval_seed_20260716.sql:839,待核验
oa:todo:list,3,,,sql/erp_oa_purchase_permission_alignment_20260704.sql:34 | sql/erp_unified_approval_center_20260714.sql:1162 | sql/erp_unified_approval_seed_20260716.sql:724,待核验
system:config:add,2,erp-ui/src/views/system/config/index.vue:66,erp-modules/erp-system/src/main/java/com/erp/system/controller/SysConfigController.java:114,,待核验
system:config:edit,6,erp-ui/src/views/hr/completeness/components/HrMasterDataIssues.vue:135 | erp-ui/src/views/system/config/index.vue:146 | erp-ui/src/views/system/config/index.vue:147 | erp-ui/src/views/system/config/index.vue:77 | erp-ui/src/views/system/config/index.vue:78,erp-modules/erp-system/src/main/java/com/erp/system/controller/SysConfigController.java:131,,待核验
system:config:export,3,erp-ui/src/views/mobile/feature/mobileExportConfigs.js:23 | erp-ui/src/views/system/config/index.vue:99,erp-modules/erp-system/src/main/java/com/erp/system/controller/SysConfigController.java:69,,待核验
system:config:list,5,erp-ui/src/views/mobile/mobileNavigation.js:39,erp-modules/erp-system/src/main/java/com/erp/system/controller/SysConfigController.java:52,sql/erp_system_management_expand_20260714.sql:128 | sql/erp_system_management_expand_20260714.sql:130 | sql/erp_system_management_expand_20260714.sql:139,待核验
system:config:query,8,erp-ui/src/views/system/config/index.vue:146 | erp-ui/src/views/system/config/index.vue:77,erp-modules/erp-system/src/main/java/com/erp/system/controller/SysConfigController.java:83 | erp-modules/erp-system/src/main/java/com/erp/system/controller/SysConfigController.java:94,sql/erp_system_management_expand_20260714.sql:30 | sql/erp_system_management_expand_20260714.sql:41 | sql/erp_system_management_permissions_20260714.sql:11 | sql/erp_system_management_permissions_20260714.sql:63,待核验
system:config:refresh,12,erp-ui/src/views/system/config/index.vue:109,erp-modules/erp-system/src/main/java/com/erp/system/controller/SysConfigController.java:161,sql/erp_system_management_expand_20260714.sql:136 | sql/erp_system_management_expand_20260714.sql:140 | sql/erp_system_management_expand_20260714.sql:173 | sql/erp_system_management_expand_20260714.sql:191 | sql/erp_system_management_expand_20260714.sql:31 | sql/erp_system_management_expand_20260714.sql:42 | sql/erp_system_management_expand_rollback_20260714.sql:48 | sql/erp_system_management_expand_rollback_20260714.sql:57 | sql/erp_system_management_permissions_20260714.sql:48 | sql/erp_system_management_permissions_20260714.sql:64,待核验
system:config:remove,3,erp-ui/src/views/system/config/index.vue:155 | erp-ui/src/views/system/config/index.vue:89,erp-modules/erp-system/src/main/java/com/erp/system/controller/SysConfigController.java:148,,待核验
system:dept:add,3,erp-ui/src/views/system/dept/index.vue:149 | erp-ui/src/views/system/dept/index.vue:55,erp-modules/erp-system/src/main/java/com/erp/system/controller/SysDeptController.java:150,,待核验
system:dept:edit,7,erp-ui/src/views/hr/completeness/components/HrMasterDataIssues.vue:133 | erp-ui/src/views/system/dept/index.vue:142 | erp-ui/src/views/system/dept/index.vue:67,erp-modules/erp-system/src/main/java/com/erp/system/controller/SysDeptController.java:166 | erp-modules/erp-system/src/main/java/com/erp/system/controller/SysDeptController.java:192 | erp-modules/erp-system/src/main/java/com/erp/system/controller/SysLegalEntityController.java:53 | erp-modules/erp-system/src/main/java/com/erp/system/controller/SysLegalEntityController.java:63,,待核验
system:dept:list,8,erp-ui/src/views/mobile/mobileNavigation.js:36,erp-modules/erp-system/src/main/java/com/erp/system/controller/SysDeptController.java:102 | erp-modules/erp-system/src/main/java/com/erp/system/controller/SysDeptController.java:127 | erp-modules/erp-system/src/main/java/com/erp/system/controller/SysDeptController.java:55 | erp-modules/erp-system/src/main/java/com/erp/system/controller/SysDeptController.java:64 | erp-modules/erp-system/src/main/java/com/erp/system/controller/SysDeptController.java:73 | erp-modules/erp-system/src/main/java/com/erp/system/controller/SysLegalEntityController.java:39 | erp-modules/erp-system/src/main/java/com/erp/system/service/ISysDeptService.java:162,,待核验
system:dept:query,2,,erp-modules/erp-system/src/main/java/com/erp/system/controller/SysDeptController.java:139 | erp-modules/erp-system/src/main/java/com/erp/system/controller/SysLegalEntityController.java:46,,待核验
system:dept:remove,2,erp-ui/src/views/system/dept/index.vue:157,erp-modules/erp-system/src/main/java/com/erp/system/controller/SysDeptController.java:214,,待核验
system:dict:add,4,erp-ui/src/views/system/dict/data.vue:56 | erp-ui/src/views/system/dict/index.vue:71,erp-modules/erp-system/src/main/java/com/erp/system/controller/SysDictDataController.java:92 | erp-modules/erp-system/src/main/java/com/erp/system/controller/SysDictTypeController.java:71,,待核验
system:dict:edit,7,erp-ui/src/views/system/dict/data.vue:134 | erp-ui/src/views/system/dict/data.vue:67 | erp-ui/src/views/system/dict/index.vue:148 | erp-ui/src/views/system/dict/index.vue:155 | erp-ui/src/views/system/dict/index.vue:82,erp-modules/erp-system/src/main/java/com/erp/system/controller/SysDictDataController.java:104 | erp-modules/erp-system/src/main/java/com/erp/system/controller/SysDictTypeController.java:87,,待核验
system:dict:export,6,erp-ui/src/views/mobile/feature/mobileExportConfigs.js:24 | erp-ui/src/views/mobile/feature/mobileExportConfigs.js:25 | erp-ui/src/views/system/dict/data.vue:88 | erp-ui/src/views/system/dict/index.vue:103,erp-modules/erp-system/src/main/java/com/erp/system/controller/SysDictDataController.java:55 | erp-modules/erp-system/src/main/java/com/erp/system/controller/SysDictTypeController.java:49,,待核验
system:dict:list,5,erp-ui/src/router/index.js:194 | erp-ui/src/views/mobile/mobileNavigation.js:40 | erp-ui/src/views/mobile/mobileNavigation.js:41,erp-modules/erp-system/src/main/java/com/erp/system/controller/SysDictDataController.java:45 | erp-modules/erp-system/src/main/java/com/erp/system/controller/SysDictTypeController.java:39,,待核验
system:dict:query,2,,erp-modules/erp-system/src/main/java/com/erp/system/controller/SysDictDataController.java:67 | erp-modules/erp-system/src/main/java/com/erp/system/controller/SysDictTypeController.java:61,,待核验
system:dict:remove,8,erp-ui/src/views/system/dict/data.vue:141 | erp-ui/src/views/system/dict/data.vue:78 | erp-ui/src/views/system/dict/index.vue:113 | erp-ui/src/views/system/dict/index.vue:162 | erp-ui/src/views/system/dict/index.vue:93,erp-modules/erp-system/src/main/java/com/erp/system/controller/SysDictDataController.java:116 | erp-modules/erp-system/src/main/java/com/erp/system/controller/SysDictTypeController.java:103 | erp-modules/erp-system/src/main/java/com/erp/system/controller/SysDictTypeController.java:115,,待核验
system:logininfor:export,3,erp-ui/src/views/mobile/feature/mobileExportConfigs.js:26 | erp-ui/src/views/system/logininfor/index.vue:103,erp-modules/erp-system/src/main/java/com/erp/system/controller/SysLogininforController.java:51,,待核验
system:logininfor:list,2,erp-ui/src/views/mobile/mobileNavigation.js:42,erp-modules/erp-system/src/main/java/com/erp/system/controller/SysLogininforController.java:41,,待核验
system:logininfor:query,10,,,sql/erp_system_management_expand_20260714.sql:31 | sql/erp_system_management_expand_20260714.sql:42 | sql/erp_system_management_permissions_20260714.sql:18 | sql/erp_system_management_permissions_20260714.sql:26 | sql/erp_system_management_permissions_20260714.sql:31 | sql/erp_system_management_permissions_20260714.sql:35 | sql/erp_system_management_permissions_20260714.sql:40 | sql/erp_system_management_permissions_20260714.sql:64 | sql/erp_system_management_permissions_rollback_20260714.sql:14 | sql/erp_system_management_permissions_rollback_20260714.sql:21,待核验
system:logininfor:remove,4,erp-ui/src/views/system/logininfor/index.vue:72 | erp-ui/src/views/system/logininfor/index.vue:82,erp-modules/erp-system/src/main/java/com/erp/system/controller/SysLogininforController.java:60 | erp-modules/erp-system/src/main/java/com/erp/system/controller/SysLogininforController.java:68,,待核验
system:logininfor:unlock,2,erp-ui/src/views/system/logininfor/index.vue:93,erp-modules/erp-system/src/main/java/com/erp/system/controller/SysLogininforController.java:77,,待核验
system:menu:add,3,erp-ui/src/views/system/menu/index.vue:132 | erp-ui/src/views/system/menu/index.vue:45,erp-modules/erp-system/src/main/java/com/erp/system/controller/SysMenuController.java:93,,待核验
system:menu:edit,4,erp-ui/src/views/system/menu/index.vue:125 | erp-ui/src/views/system/menu/index.vue:57,erp-modules/erp-system/src/main/java/com/erp/system/controller/SysMenuController.java:117 | erp-modules/erp-system/src/main/java/com/erp/system/controller/SysMenuController.java:145,,待核验
system:menu:list,2,erp-ui/src/views/mobile/mobileNavigation.js:37,erp-modules/erp-system/src/main/java/com/erp/system/controller/SysMenuController.java:44,,待核验
system:menu:query,1,,erp-modules/erp-system/src/main/java/com/erp/system/controller/SysMenuController.java:56,,待核验
system:menu:remove,2,erp-ui/src/views/system/menu/index.vue:139,erp-modules/erp-system/src/main/java/com/erp/system/controller/SysMenuController.java:167,,待核验
system:notice:add,5,erp-ui/src/views/system/notice/index.vue:102 | erp-ui/src/views/system/notice/index.vue:46,erp-modules/erp-system/src/main/java/com/erp/system/controller/SysNoticeController.java:122 | erp-modules/erp-system/src/main/java/com/erp/system/controller/SysNoticeController.java:136 | erp-modules/erp-system/src/main/java/com/erp/system/controller/SysNoticeController.java:83,,待核验
system:notice:edit,7,erp-ui/src/views/system/notice/index.vue:49 | erp-ui/src/views/system/notice/index.vue:88 | erp-ui/src/views/system/notice/index.vue:92,erp-modules/erp-system/src/main/java/com/erp/system/controller/SysNoticeController.java:104 | erp-modules/erp-system/src/main/java/com/erp/system/controller/SysNoticeController.java:122 | erp-modules/erp-system/src/main/java/com/erp/system/controller/SysNoticeController.java:136 | erp-modules/erp-system/src/main/java/com/erp/system/controller/SysNoticeController.java:203,,待核验
system:notice:list,4,erp-ui/src/views/system/notice/index.vue:93,erp-modules/erp-system/src/main/java/com/erp/system/controller/SysNoticeController.java:268 | erp-modules/erp-system/src/main/java/com/erp/system/controller/SysNoticeController.java:51,sql/erp_system_notice_workflow_20260714.sql:136,待核验
system:notice:publish,8,erp-ui/src/views/system/notice/index.vue:326,erp-modules/erp-system/src/main/java/com/erp/system/controller/SysNoticeController.java:150 | erp-modules/erp-system/src/main/java/com/erp/system/controller/SysNoticeController.java:167 | erp-modules/erp-system/src/main/java/com/erp/system/controller/SysNoticeController.java:185,sql/erp_system_notice_workflow_20260714.sql:133 | sql/erp_system_notice_workflow_20260714.sql:137 | sql/erp_system_notice_workflow_20260714.sql:145 | sql/erp_system_notice_workflow_rollback_20260714.sql:36,待核验
system:notice:query,1,,erp-modules/erp-system/src/main/java/com/erp/system/controller/SysNoticeController.java:63,,待核验
system:notice:remove,3,erp-ui/src/views/system/notice/index.vue:52 | erp-ui/src/views/system/notice/index.vue:94,erp-modules/erp-system/src/main/java/com/erp/system/controller/SysNoticeController.java:281,,待核验
system:operlog:export,3,erp-ui/src/views/mobile/feature/mobileExportConfigs.js:27 | erp-ui/src/views/system/operlog/index.vue:117,erp-modules/erp-system/src/main/java/com/erp/system/controller/SysOperlogController.java:49,,待核验
system:operlog:list,2,erp-ui/src/views/mobile/mobileNavigation.js:43,erp-modules/erp-system/src/main/java/com/erp/system/controller/SysOperlogController.java:38,,待核验
system:operlog:query,6,erp-ui/src/views/system/operlog/index.vue:159,erp-modules/erp-system/src/main/java/com/erp/system/controller/SysOperlogController.java:58,sql/erp_system_management_expand_20260714.sql:30 | sql/erp_system_management_expand_20260714.sql:41 | sql/erp_system_management_permissions_20260714.sql:11 | sql/erp_system_management_permissions_20260714.sql:63,待核验
system:operlog:remove,4,erp-ui/src/views/system/operlog/index.vue:107 | erp-ui/src/views/system/operlog/index.vue:97,erp-modules/erp-system/src/main/java/com/erp/system/controller/SysOperlogController.java:67 | erp-modules/erp-system/src/main/java/com/erp/system/controller/SysOperlogController.java:74,,待核验
system:post:add,2,erp-ui/src/views/system/post/index.vue:52,erp-modules/erp-system/src/main/java/com/erp/system/controller/SysPostController.java:74,,待核验
system:post:edit,4,erp-ui/src/views/hr/completeness/components/HrMasterDataIssues.vue:134 | erp-ui/src/views/system/post/index.vue:115 | erp-ui/src/views/system/post/index.vue:63,erp-modules/erp-system/src/main/java/com/erp/system/controller/SysPostController.java:94,,待核验
system:post:export,3,erp-ui/src/views/mobile/feature/mobileExportConfigs.js:22 | erp-ui/src/views/system/post/index.vue:84,erp-modules/erp-system/src/main/java/com/erp/system/controller/SysPostController.java:52,,待核验
system:post:list,2,erp-ui/src/views/mobile/mobileNavigation.js:35,erp-modules/erp-system/src/main/java/com/erp/system/controller/SysPostController.java:42,,待核验
system:post:query,1,,erp-modules/erp-system/src/main/java/com/erp/system/controller/SysPostController.java:64,,待核验
system:post:remove,3,erp-ui/src/views/system/post/index.vue:122 | erp-ui/src/views/system/post/index.vue:74,erp-modules/erp-system/src/main/java/com/erp/system/controller/SysPostController.java:114,,待核验
system:role:add,3,erp-ui/src/views/system/role/index.vue:71,erp-modules/erp-system/src/main/java/com/erp/system/controller/SysRoleController.java:251 | erp-modules/erp-system/src/main/java/com/erp/system/controller/SysRoleController.java:88,,待核验
system:role:edit,15,erp-ui/src/router/index.js:180 | erp-ui/src/views/system/role/authUser.vue:45 | erp-ui/src/views/system/role/authUser.vue:56 | erp-ui/src/views/system/role/authUser.vue:96 | erp-ui/src/views/system/role/index.vue:140 | erp-ui/src/views/system/role/index.vue:149 | erp-ui/src/views/system/role/index.vue:153 | erp-ui/src/views/system/role/index.vue:155 | erp-ui/src/views/system/role/index.vue:82,erp-modules/erp-system/src/main/java/com/erp/system/controller/SysRoleController.java:110 | erp-modules/erp-system/src/main/java/com/erp/system/controller/SysRoleController.java:132 | erp-modules/erp-system/src/main/java/com/erp/system/controller/SysRoleController.java:145 | erp-modules/erp-system/src/main/java/com/erp/system/controller/SysRoleController.java:205 | erp-modules/erp-system/src/main/java/com/erp/system/controller/SysRoleController.java:216 | erp-modules/erp-system/src/main/java/com/erp/system/controller/SysRoleController.java:227,,待核验
system:role:export,3,erp-ui/src/views/mobile/feature/mobileExportConfigs.js:21 | erp-ui/src/views/system/role/index.vue:103,erp-modules/erp-system/src/main/java/com/erp/system/controller/SysRoleController.java:65,,待核验
system:role:list,4,erp-ui/src/views/mobile/mobileNavigation.js:34,erp-modules/erp-system/src/main/java/com/erp/system/controller/SysRoleController.java:179 | erp-modules/erp-system/src/main/java/com/erp/system/controller/SysRoleController.java:192 | erp-modules/erp-system/src/main/java/com/erp/system/controller/SysRoleController.java:55,,待核验
system:role:query,3,,erp-modules/erp-system/src/main/java/com/erp/system/controller/SysRoleController.java:170 | erp-modules/erp-system/src/main/java/com/erp/system/controller/SysRoleController.java:239 | erp-modules/erp-system/src/main/java/com/erp/system/controller/SysRoleController.java:77,,待核验
system:role:remove,3,erp-ui/src/views/system/role/index.vue:147 | erp-ui/src/views/system/role/index.vue:93,erp-modules/erp-system/src/main/java/com/erp/system/controller/SysRoleController.java:159,,待核验
system:salary:add,6,erp-ui/src/views/system/salary/index.vue:252 | erp-ui/src/views/system/salary/index.vue:319 | erp-ui/src/views/system/salary/index.vue:36 | erp-ui/src/views/system/salary/index.vue:85,erp-modules/erp-system/src/main/java/com/erp/system/controller/SysSalaryConfigController.java:113 | erp-modules/erp-system/src/main/java/com/erp/system/controller/SysSalaryConfigController.java:149,,待核验
system:salary:edit,6,erp-ui/src/views/system/salary/index.vue:126 | erp-ui/src/views/system/salary/index.vue:252 | erp-ui/src/views/system/salary/index.vue:319 | erp-ui/src/views/system/salary/index.vue:63,erp-modules/erp-system/src/main/java/com/erp/system/controller/SysSalaryConfigController.java:123 | erp-modules/erp-system/src/main/java/com/erp/system/controller/SysSalaryConfigController.java:160,,待核验
system:salary:export,3,erp-ui/src/views/system/salary/index.vue:37,erp-modules/erp-system/src/main/java/com/erp/system/controller/SysSalaryConfigController.java:68,sql/erp_multi_account_store_audit_remediation_20260620.sql:69,待核验
system:salary:import,10,,,sql/erp_system_management_expand_20260714.sql:31 | sql/erp_system_management_expand_20260714.sql:42 | sql/erp_system_management_permissions_20260714.sql:18 | sql/erp_system_management_permissions_20260714.sql:26 | sql/erp_system_management_permissions_20260714.sql:32 | sql/erp_system_management_permissions_20260714.sql:35 | sql/erp_system_management_permissions_20260714.sql:40 | sql/erp_system_management_permissions_20260714.sql:64 | sql/erp_system_management_permissions_rollback_20260714.sql:14 | sql/erp_system_management_permissions_rollback_20260714.sql:21,待核验
system:salary:list,3,erp-ui/src/views/mobile/mobileNavigation.js:47,erp-modules/erp-system/src/main/java/com/erp/system/controller/SysSalaryConfigController.java:59,sql/erp_multi_account_store_audit_remediation_20260620.sql:66,待核验
system:salary:query,5,erp-ui/src/views/oa/laborContract/index.vue:422,erp-modules/erp-system/src/main/java/com/erp/system/controller/SysSalaryConfigController.java:142 | erp-modules/erp-system/src/main/java/com/erp/system/controller/SysSalaryConfigController.java:79 | erp-modules/erp-system/src/main/java/com/erp/system/controller/SysSalaryConfigController.java:86,sql/erp_multi_account_store_audit_remediation_20260620.sql:67,待核验
system:salary:remove,4,erp-ui/src/views/system/salary/index.vue:127 | erp-ui/src/views/system/salary/index.vue:64,erp-modules/erp-system/src/main/java/com/erp/system/controller/SysSalaryConfigController.java:133 | erp-modules/erp-system/src/main/java/com/erp/system/controller/SysSalaryConfigController.java:170,,待核验
system:salary:role,14,erp-ui/src/views/system/role/index.vue:157 | erp-ui/src/views/system/salary/index.vue:161 | erp-ui/src/views/system/salary/index.vue:197 | erp-ui/src/views/system/salary/index.vue:204 | erp-ui/src/views/system/salary/index.vue:461,erp-modules/erp-system/src/main/java/com/erp/system/controller/SysSalaryConfigController.java:106 | erp-modules/erp-system/src/main/java/com/erp/system/controller/SysSalaryConfigController.java:179 | erp-modules/erp-system/src/main/java/com/erp/system/controller/SysSalaryConfigController.java:187 | erp-modules/erp-system/src/main/java/com/erp/system/controller/SysSalaryConfigController.java:196 | erp-modules/erp-system/src/main/java/com/erp/system/controller/SysSalaryConfigController.java:206 | erp-modules/erp-system/src/main/java/com/erp/system/controller/SysSalaryConfigController.java:214 | erp-modules/erp-system/src/main/java/com/erp/system/controller/SysSalaryConfigController.java:226 | erp-modules/erp-system/src/main/java/com/erp/system/controller/SysSalaryConfigController.java:93,sql/erp_multi_account_store_audit_remediation_20260620.sql:68,待核验
system:user:add,7,erp-ui/src/utils/permission.js:21 | erp-ui/src/views/system/user/index.vue:735 | erp-ui/src/views/system/user/index.vue:743 | erp-ui/src/views/system/user/index.vue:91,erp-modules/erp-system/src/main/java/com/erp/system/controller/SysUserController.java:439 | erp-modules/erp-system/src/main/java/com/erp/system/controller/SysUserController.java:464 | erp-modules/erp-system/src/main/java/com/erp/system/controller/SysUserController.java:500,,待核验
system:user:edit,16,erp-ui/src/router/index.js:166 | erp-ui/src/utils/permission.js:21 | erp-ui/src/views/mobile/hr/employee/index.vue:27 | erp-ui/src/views/mobile/mobileNavigation.js:38 | erp-ui/src/views/system/user/index.vue:182 | erp-ui/src/views/system/user/index.vue:184 | erp-ui/src/views/system/user/index.vue:188 | erp-ui/src/views/system/user/index.vue:745 | erp-ui/src/views/system/user/index.vue:94,erp-modules/erp-system/src/main/java/com/erp/system/controller/SysUserController.java:422 | erp-modules/erp-system/src/main/java/com/erp/system/controller/SysUserController.java:464 | erp-modules/erp-system/src/main/java/com/erp/system/controller/SysUserController.java:525 | erp-modules/erp-system/src/main/java/com/erp/system/controller/SysUserController.java:627 | erp-modules/erp-system/src/main/java/com/erp/system/controller/SysUserController.java:681 | erp-modules/erp-system/src/main/java/com/erp/system/service/impl/SysTodoServiceImpl.java:116 | erp-modules/erp-system/src/main/java/com/erp/system/service/impl/SysTodoServiceImpl.java:611,,待核验
system:user:export,6,erp-ui/src/views/mobile/feature/mobileExportConfigs.js:20 | erp-ui/src/views/system/user/index.vue:103 | erp-ui/src/views/system/user/index.vue:105 | erp-ui/src/views/system/user/index.vue:1419,erp-modules/erp-system/src/main/java/com/erp/system/controller/SysUserController.java:161 | erp-modules/erp-system/src/main/java/com/erp/system/controller/SysUserController.java:175,,待核验
system:user:import,3,erp-ui/src/views/system/user/index.vue:100,erp-modules/erp-system/src/main/java/com/erp/system/controller/SysUserController.java:204 | erp-modules/erp-system/src/main/java/com/erp/system/controller/SysUserController.java:217,,待核验
system:user:list,9,erp-ui/src/views/mobile/mobileNavigation.js:33 | erp-ui/src/views/oa/laborContract/index.vue:419 | erp-ui/src/views/system/menu/index.vue:262,erp-modules/erp-system/src/main/java/com/erp/system/controller/SysUserController.java:135 | erp-modules/erp-system/src/main/java/com/erp/system/controller/SysUserController.java:147 | erp-modules/erp-system/src/main/java/com/erp/system/controller/SysUserController.java:696,sql/erp_system_management_expand_20260714.sql:142 | sql/erp_system_management_expand_20260714.sql:144 | sql/erp_system_management_expand_20260714.sql:159,待核验
system:user:pii:edit,14,erp-ui/src/views/system/user/index.vue:735 | erp-ui/src/views/system/user/index.vue:743 | erp-ui/src/views/system/user/index.vue:745,erp-modules/erp-system/src/main/java/com/erp/system/controller/SysUserController.java:422 | erp-modules/erp-system/src/main/java/com/erp/system/controller/SysUserController.java:439,sql/erp_system_management_expand_20260714.sql:156 | sql/erp_system_management_expand_20260714.sql:174 | sql/erp_system_management_expand_20260714.sql:192 | sql/erp_system_management_expand_20260714.sql:32 | sql/erp_system_management_expand_20260714.sql:43 | sql/erp_system_management_expand_rollback_20260714.sql:49 | sql/erp_system_management_expand_rollback_20260714.sql:58 | sql/erp_system_management_permissions_20260714.sql:49 | sql/erp_system_management_permissions_20260714.sql:65,待核验
system:user:pii:export,12,erp-ui/src/views/system/user/index.vue:105 | erp-ui/src/views/system/user/index.vue:1419,erp-modules/erp-system/src/main/java/com/erp/system/controller/SysUserController.java:175,sql/erp_system_management_expand_20260714.sql:157 | sql/erp_system_management_expand_20260714.sql:174 | sql/erp_system_management_expand_20260714.sql:192 | sql/erp_system_management_expand_20260714.sql:32 | sql/erp_system_management_expand_20260714.sql:43 | sql/erp_system_management_expand_rollback_20260714.sql:49 | sql/erp_system_management_expand_rollback_20260714.sql:58 | sql/erp_system_management_permissions_20260714.sql:49 | sql/erp_system_management_permissions_20260714.sql:65,待核验
system:user:pii:read,13,erp-ui/src/views/system/user/index.vue:1186 | erp-ui/src/views/system/user/index.vue:737 | erp-ui/src/views/system/user/view.vue:232,erp-modules/erp-system/src/main/java/com/erp/system/controller/SysUserController.java:413,sql/erp_system_management_expand_20260714.sql:155 | sql/erp_system_management_expand_20260714.sql:173 | sql/erp_system_management_expand_20260714.sql:191 | sql/erp_system_management_expand_20260714.sql:32 | sql/erp_system_management_expand_20260714.sql:43 | sql/erp_system_management_expand_rollback_20260714.sql:48 | sql/erp_system_management_expand_rollback_20260714.sql:57 | sql/erp_system_management_permissions_20260714.sql:48 | sql/erp_system_management_permissions_20260714.sql:65,待核验
system:user:query,3,,erp-modules/erp-system/src/main/java/com/erp/system/controller/SysUserController.java:392 | erp-modules/erp-system/src/main/java/com/erp/system/controller/SysUserController.java:413 | erp-modules/erp-system/src/main/java/com/erp/system/controller/SysUserController.java:643,,待核验
system:user:remove,3,erp-ui/src/views/system/user/index.vue:183 | erp-ui/src/views/system/user/index.vue:97,erp-modules/erp-system/src/main/java/com/erp/system/controller/SysUserController.java:548,,待核验
system:user:resetPwd,9,erp-ui/src/views/system/user/index.vue:184 | erp-ui/src/views/system/user/index.vue:187,erp-modules/erp-system/src/main/java/com/erp/system/controller/SysUserController.java:564 | erp-modules/erp-system/src/main/java/com/erp/system/controller/SysUserController.java:584 | erp-modules/erp-system/src/main/java/com/erp/system/controller/SysUserController.java:596,sql/erp_system_management_expand_20260714.sql:30 | sql/erp_system_management_expand_20260714.sql:41 | sql/erp_system_management_permissions_20260714.sql:11 | sql/erp_system_management_permissions_20260714.sql:63,待核验
tool:gen:code,5,erp-ui/src/views/tool/gen/index.vue:135 | erp-ui/src/views/tool/gen/index.vue:48,erp-modules/erp-gen/src/main/java/com/erp/gen/controller/GenController.java:157 | erp-modules/erp-gen/src/main/java/com/erp/gen/controller/GenController.java:169 | erp-modules/erp-gen/src/main/java/com/erp/gen/controller/GenController.java:197,,待核验
tool:gen:edit,6,erp-ui/src/router/index.js:250 | erp-ui/src/views/tool/gen/index.vue:114 | erp-ui/src/views/tool/gen/index.vue:128 | erp-ui/src/views/tool/gen/index.vue:69,erp-modules/erp-gen/src/main/java/com/erp/gen/controller/GenController.java:121 | erp-modules/erp-gen/src/main/java/com/erp/gen/controller/GenController.java:185,,待核验
tool:gen:import,2,erp-ui/src/views/tool/gen/index.vue:58,erp-modules/erp-gen/src/main/java/com/erp/gen/controller/GenController.java:106,,待核验
tool:gen:list,2,,erp-modules/erp-gen/src/main/java/com/erp/gen/controller/GenController.java:51 | erp-modules/erp-gen/src/main/java/com/erp/gen/controller/GenController.java:80,,待核验
tool:gen:preview,2,erp-ui/src/views/tool/gen/index.vue:107,erp-modules/erp-gen/src/main/java/com/erp/gen/controller/GenController.java:146,,待核验
tool:gen:query,2,,erp-modules/erp-gen/src/main/java/com/erp/gen/controller/GenController.java:63 | erp-modules/erp-gen/src/main/java/com/erp/gen/controller/GenController.java:92,,待核验
tool:gen:remove,3,erp-ui/src/views/tool/gen/index.vue:121 | erp-ui/src/views/tool/gen/index.vue:80,erp-modules/erp-gen/src/main/java/com/erp/gen/controller/GenController.java:134,,待核验
