old_page_source,target_disposition,new_route,new_component,automated_tests,confirmation_status,implementation_status,target_evidence,notes
erp-ui/src/views/inventory/purchaseReturn/index.vue,重设计,/inventory/purchase-returns | /inventory/purchase-returns/new | /inventory/purchase-returns/:returnId/edit | /inventory/purchase-returns/:returnId,erp-ui-next/src/pages/inventory/purchase-returns/PurchaseReturnWorkbenchPage.vue | erp-ui-next/src/pages/inventory/purchase-returns/PurchaseReturnEditorPage.vue | erp-ui-next/src/pages/inventory/purchase-returns/PurchaseReturnDetailPage.vue | erp-ui-next/src/domains/inventory/purchase-returns/purchase-return.model.ts | erp-ui-next/src/domains/inventory/purchase-returns/purchase-return.contract.ts | erp-ui-next/src/domains/inventory/purchase-returns/purchase-return.gateway.ts | erp-ui-next/src/domains/inventory/purchase-returns/purchase-return.http.ts,erp-ui-next/src/pages/inventory/purchase-returns/PurchaseReturnWorkbenchPage.test.ts | erp-ui-next/src/pages/inventory/purchase-returns/PurchaseReturnEditorPage.test.ts | erp-ui-next/src/pages/inventory/purchase-returns/PurchaseReturnDetailPage.test.ts | erp-ui-next/src/domains/inventory/purchase-returns/purchase-return.contract.test.ts | erp-ui-next/src/domains/inventory/purchase-returns/purchase-return.http.test.ts | erp-ui-next/src/test-support/mock-api/purchase-return.gateway.test.ts | erp-ui-next/src/app/router/purchase-return-routes.test.ts | erp-ui-next/src/app/shell/navigation.test.ts | erp-ui-next/src/api/http/http-client.test.ts,采购退货完整离线业务闭环已完成，真实独立运行环境验收待确认,部分实现,docs/ERP-NEW_2-阶段6采购退货业务闭环前端垂直切片实施计划-20260809.md | docs/ERP-NEW_2-阶段6采购退货业务闭环前端垂直切片检查点-20260809.md,真实采购退货列表、详情、来源采购单、新建、草稿编辑、保存、保存并提交、提交草稿、确认退货、取消、附件上传与有界 Excel 导出 Gateway 已接入；严格限定当前精确仓库并强制 no-store、CSRF、幂等请求标识、Long 字符串、十进制金额数量和响应组织校验。页面权限覆盖 inv:purchaseReturn:list/query/add/submit/confirm/remove/export 与 file:upload；后端补齐来源可退数量、服务端权威快照、并发状态检查、内容与状态更新分离和文件响应禁缓存。真实 MySQL/Redis/Nacos、文件目录、浏览器 E2E 与生产等价验收仍未执行。
erp-ui/src/views/inventory/supplier/index.vue,重设计,/inventory/suppliers,erp-ui-next/src/pages/inventory/suppliers/SupplierWorkbenchPage.vue | erp-ui-next/src/pages/inventory/suppliers/SupplierEditorDialog.vue | erp-ui-next/src/pages/inventory/suppliers/SupplierDetailDialog.vue | erp-ui-next/src/domains/inventory/suppliers/supplier.model.ts | erp-ui-next/src/domains/inventory/suppliers/supplier.contract.ts | erp-ui-next/src/domains/inventory/suppliers/supplier.gateway.ts | erp-ui-next/src/domains/inventory/suppliers/supplier.http.ts,erp-ui-next/src/pages/inventory/suppliers/SupplierWorkbenchPage.test.ts | erp-ui-next/src/pages/inventory/suppliers/SupplierEditorDialog.test.ts | erp-ui-next/src/domains/inventory/suppliers/supplier.contract.test.ts | erp-ui-next/src/domains/inventory/suppliers/supplier.gateway.test.ts | erp-ui-next/src/domains/inventory/suppliers/supplier.http.test.ts | erp-ui-next/src/api/http/http-client.test.ts | erp-ui-next/src/app/router/route-access.test.ts | erp-ui-next/src/app/shell/navigation.test.ts,供应商主数据维护前端垂直切片已完成，真实运行验收待确认,部分实现,docs/ERP-NEW_2-阶段6供应商主数据维护前端垂直切片实施计划-20260809.md | docs/ERP-NEW_2-阶段6供应商主数据维护前端垂直切片检查点-20260809.md,真实供应商列表、详情、供应商品、新增、更新、删除和导出 HTTP Gateway 已接入，强制 Dept-NumId、CSRF、幂等请求标识、no-store、Long 字符串、维护字段白名单与二进制大小限制；桌面和移动端均覆盖精确权限与两步删除。后端补齐成本字段脱敏、组织范围失败关闭、重名重码校验、引用安全重命名与删除、备注持久化及写响应禁缓存；供应商评分、准入与资质、状态变更专属审计、导入和真实浏览器生产等价验收仍未迁移。
erp-ui/src/views/inventory/category/index.vue,重设计,/inventory/categories,erp-ui-next/src/pages/inventory/categories/CategoryWorkbenchPage.vue | erp-ui-next/src/pages/inventory/categories/CategoryEditorDialog.vue | erp-ui-next/src/domains/inventory/categories/category.model.ts | erp-ui-next/src/domains/inventory/categories/category.contract.ts | erp-ui-next/src/domains/inventory/categories/category.gateway.ts | erp-ui-next/src/domains/inventory/categories/category.http.ts,erp-ui-next/src/pages/inventory/categories/CategoryWorkbenchPage.test.ts | erp-ui-next/src/pages/inventory/categories/CategoryEditorDialog.test.ts | erp-ui-next/src/domains/inventory/categories/category.contract.test.ts | erp-ui-next/src/domains/inventory/categories/category.gateway.test.ts | erp-ui-next/src/domains/inventory/categories/category.http.test.ts | erp-ui-next/src/app/router/route-access.test.ts | erp-ui-next/src/app/shell/navigation.test.ts | erp-ui-next/src/pages/inventory/products/ProductCatalogPage.test.ts,商品分类主数据维护前端垂直切片已完成，真实运行验收待确认,部分实现,docs/ERP-NEW_2-阶段6商品分类主数据维护前端垂直切片实施计划-20260809.md | docs/ERP-NEW_2-阶段6商品分类主数据维护前端垂直切片检查点-20260809.md,真实分类树、详情、新增、更新和删除 HTTP Gateway 已接入，强制 Dept-NumId、CSRF、双幂等标识、no-store、Long 字符串和递归树白名单契约；已覆盖桌面与移动筛选、层级展开、根/子分类新增、父级不可变编辑、停启用和两步删除。后端补齐非法排序/状态/父级校验、停用父级阻断、写响应禁缓存及备注持久化；真实浏览器生产等价验收仍未执行。
erp-ui/src/views/index.vue,重设计,/,erp-ui-next/src/pages/workbench/WorkbenchPage.vue | erp-ui-next/src/app/shell/AppShell.vue | erp-ui-next/src/app/shell/ErpCommandPalette.vue | erp-ui-next/src/app/shell/navigation.ts,erp-ui-next/src/pages/workbench/WorkbenchPage.test.ts | erp-ui-next/src/app/shell/AppShell.test.ts | erp-ui-next/src/app/shell/ErpCommandPalette.test.ts | erp-ui-next/src/app/shell/navigation.test.ts,阶段3原型已验收，领域迁移待确认,部分实现,docs/ERP-NEW_2-阶段3原型验收记录-20260802.md | docs/ERP-NEW_2-前端骨架空状态设计系统切片检查点-20260803.md | docs/ERP-NEW_2-前端骨架全局功能检索切片检查点-20260803.md,当前工作台为隔离 Mock 投影；已建立权限过滤的侧栏、移动导航与全局功能检索，真实会话、消息、最近访问和完整经营指标尚未接线。
erp-ui/src/views/workbench/todo/index.vue,重设计,/tasks,erp-ui-next/src/pages/tasks/MobileTasksPage.vue | erp-ui-next/src/domains/todos/todo.model.ts | erp-ui-next/src/domains/todos/todo.contract.ts | erp-ui-next/src/domains/todos/todo.aggregate.ts | erp-ui-next/src/domains/todos/todo.target.ts | erp-ui-next/src/domains/todos/todo.gateway.ts | erp-ui-next/src/domains/todos/todo.http.ts,erp-ui-next/src/pages/tasks/MobileTasksPage.test.ts | erp-ui-next/src/domains/todos/todo.contract.test.ts | erp-ui-next/src/domains/todos/todo.aggregate.test.ts | erp-ui-next/src/domains/todos/todo.target.test.ts | erp-ui-next/src/domains/todos/todo.http.test.ts | erp-ui-next/src/platform/navigation/task-deep-link.test.ts,统一待办真实 HTTP 与移动任务中心已完成，未迁移业务处理页待确认,部分实现,docs/ERP-NEW_2-阶段6统一待办真实HTTP与移动任务中心实施计划-20260809.md | docs/ERP-NEW_2-阶段6统一待办真实HTTP与移动任务中心检查点-20260809.md,已接入 approval、inventory、oa、system 四个 Provider 的真实只读 HTTP 聚合、全局前缀分页、同组织同查询安全缓存、局部失败陈旧状态和深链白名单；未迁移业务页面继续失败关闭，待办中心不执行写操作。
erp-ui/src/views/mobile/todo/index.vue,重设计,/tasks,erp-ui-next/src/pages/tasks/MobileTasksPage.vue | erp-ui-next/src/domains/todos/todo.model.ts | erp-ui-next/src/domains/todos/todo.contract.ts | erp-ui-next/src/domains/todos/todo.aggregate.ts | erp-ui-next/src/domains/todos/todo.target.ts | erp-ui-next/src/domains/todos/todo.gateway.ts | erp-ui-next/src/domains/todos/todo.http.ts,erp-ui-next/src/pages/tasks/MobileTasksPage.test.ts | erp-ui-next/src/domains/todos/todo.contract.test.ts | erp-ui-next/src/domains/todos/todo.aggregate.test.ts | erp-ui-next/src/domains/todos/todo.target.test.ts | erp-ui-next/src/domains/todos/todo.http.test.ts | erp-ui-next/src/platform/navigation/task-deep-link.test.ts,统一待办真实 HTTP 与移动任务中心已完成，未迁移业务处理页待确认,部分实现,docs/ERP-NEW_2-阶段6统一待办真实HTTP与移动任务中心实施计划-20260809.md | docs/ERP-NEW_2-阶段6统一待办真实HTTP与移动任务中心检查点-20260809.md,桌面与移动共用单一任务路由和业务模型；已接入四 Provider 真实只读 HTTP 聚合、局部失败状态和安全深链，未迁移处理页保持不可跳转。
erp-ui/src/views/inventory/transfer/index.vue,重设计,/inventory/transfer | /inventory/transfer/new | /inventory/transfer/:transferId/approval/:engine/:taskId/:instanceId? | /inventory/transfer/:transferId/shipment-planning | /inventory/transfer/:taskId/receive | /inventory/transfer/discrepancies/:caseId/adjudication,erp-ui-next/src/pages/inventory/transfer/TransferWorkbenchPage.vue | erp-ui-next/src/pages/inventory/transfer/NewTransferPage.vue | erp-ui-next/src/pages/inventory/transfer/TransferApprovalPage.vue | erp-ui-next/src/pages/inventory/transfer/TransferShipmentPlanningPage.vue | erp-ui-next/src/pages/inventory/transfer/ReceivingPage.vue | erp-ui-next/src/pages/inventory/transfer/TransferDiscrepancyAdjudicationPage.vue | erp-ui-next/src/domains/inventory/transfer/transfer.model.ts | erp-ui-next/src/domains/inventory/transfer/transfer.gateway.ts | erp-ui-next/src/domains/inventory/transfer/transfer-workbench.contract.ts | erp-ui-next/src/domains/inventory/transfer/transfer-workbench.http.ts | erp-ui-next/src/domains/inventory/transfer/transfer-export.http.ts | erp-ui-next/src/domains/inventory/transfer/transfer-detail.http.ts | erp-ui-next/src/domains/inventory/transfer/transfer-revision.http.ts,erp-ui-next/src/pages/inventory/transfer/TransferWorkbenchPage.test.ts | erp-ui-next/src/pages/inventory/transfer/NewTransferPage.test.ts | erp-ui-next/src/pages/inventory/transfer/TransferApprovalPage.test.ts | erp-ui-next/src/pages/inventory/transfer/TransferShipmentPlanningPage.test.ts | erp-ui-next/src/pages/inventory/transfer/ReceivingPage.test.ts | erp-ui-next/src/pages/inventory/transfer/TransferDiscrepancyAdjudicationPage.test.ts | erp-ui-next/src/domains/inventory/transfer/transfer-workbench.contract.test.ts | erp-ui-next/src/domains/inventory/transfer/transfer-workbench.http.test.ts | erp-ui-next/src/app/providers/http-gateways.test.ts | erp-modules/erp-inventory/src/test/java/com/erp/inventory/controller/InvTransferControllerSourceTest.java | erp-modules/erp-inventory/src/test/java/com/erp/inventory/service/impl/InvTransferServiceImplTest.java | erp-modules/erp-inventory/src/test/java/com/erp/inventory/mapper/InventoryMapperBindingTest.java | erp-modules/erp-inventory/src/test/java/com/erp/inventory/mapper/NewBusinessOpsMapperBindingTest.java | erp-ui-next/src/domains/inventory/transfer/transfer-export.http.test.ts | erp-ui-next/src/domains/inventory/transfer/transfer-detail.http.test.ts | erp-ui-next/src/domains/inventory/transfer/transfer-revision.http.test.ts | erp-modules/erp-inventory/src/test/java/com/erp/inventory/controller/InvTransferControllerCostSecurityTest.java | erp-modules/erp-inventory/src/test/java/com/erp/inventory/service/impl/InvTransferCostVisibilityPolicyTest.java | erp-modules/erp-inventory/src/test/java/com/erp/inventory/service/impl/InvTransferExportServiceTest.java,调拨任务工作台真实 HTTP 读取、服务端成本脱敏与受控导出闭环已完成，完整调拨业务矩阵待确认,部分实现,docs/ERP-NEW_2-阶段3原型验收记录-20260802.md | docs/ERP-NEW_2-前端骨架审批与发货移动主操作栏切片检查点-20260803.md | docs/ERP-NEW_2-前端骨架差异裁决移动主操作栏切片检查点-20260803.md | docs/ERP-NEW_2-阶段5调拨任务工作台真实HTTP闭环实施计划-20260810.md | docs/ERP-NEW_2-阶段5调拨任务工作台真实HTTP闭环检查点-20260810.md | docs/ERP-NEW_2-阶段5调拨成本脱敏与受控导出实施计划-20260810.md | docs/ERP-NEW_2-阶段5调拨成本脱敏与受控导出检查点-20260810.md,调拨列表与运营摘要已接入当前精确门店或仓库的真实只读 HTTP Gateway；列表、详情和不可变修订历史由服务端按 inv:cost:view 脱敏，处理中与历史导出使用独立权限、当前组织范围、显式列白名单、no-store 和 10000 行同步上限，前端在导出前冻结组织、已生效筛选与成本权限并二次确认。已移除 Mock 提示、跨单位数量汇总、伪截止时间和用调拨单 ID 构造的收货链接。规则配置、剩余写门禁、独立运行环境、浏览器 E2E 与生产等价验收仍未完成。
erp-ui/src/views/inventory/transfer/records.vue,重设计,/inventory/transfer | /inventory/transfer/:transferId/history,erp-ui-next/src/pages/inventory/transfer/TransferWorkbenchPage.vue | erp-ui-next/src/pages/inventory/transfer/TransferRevisionHistoryPage.vue | erp-ui-next/src/domains/inventory/transfer/transfer-workbench.contract.ts | erp-ui-next/src/domains/inventory/transfer/transfer-workbench.http.ts,erp-ui-next/src/pages/inventory/transfer/TransferWorkbenchPage.test.ts | erp-ui-next/src/pages/inventory/transfer/TransferRevisionHistoryPage.test.ts | erp-ui-next/src/domains/inventory/transfer/transfer-workbench.contract.test.ts | erp-ui-next/src/domains/inventory/transfer/transfer-workbench.http.test.ts | erp-ui-next/src/app/providers/http-gateways.test.ts,调拨任务工作台真实 HTTP 读取闭环已完成，完整调拨记录矩阵待确认,部分实现,docs/ERP-NEW_2-阶段7调拨修订历史契约与对比界面检查点-20260802.md | docs/ERP-NEW_2-阶段5调拨任务工作台真实HTTP闭环实施计划-20260810.md | docs/ERP-NEW_2-阶段5调拨任务工作台真实HTTP闭环检查点-20260810.md,调拨列表入口已改为当前组织真实 HTTP、服务端筛选分页和安全本页 CSV；不可变版本历史沿用既有契约。旧记录专属查询与服务端导出、权威详情动作、独立运行环境及浏览器生产等价验收仍未全部迁移。
erp-ui/src/views/inventory/transfer/components/TransferApprovalProgress.vue,重设计,/inventory/transfer/:transferId/approval/:engine/:taskId/:instanceId?,erp-ui-next/src/pages/inventory/transfer/TransferApprovalPage.vue | erp-ui-next/src/design-system/components/ErpTimeline.vue,erp-ui-next/src/pages/inventory/transfer/TransferApprovalPage.test.ts | erp-ui-next/src/design-system/components/ErpTimeline.test.ts,调拨原型已验收，完整业务矩阵待确认,部分实现,docs/ERP-NEW_2-前端骨架任务状态与时间线设计系统切片检查点-20260803.md,审批进度已改为统一时间线并保留状态语义；真实审批引擎运行时仍需生产等价验证。
erp-ui/src/views/error/401.vue,重设计,/access-denied,erp-ui-next/src/pages/system/AccessDeniedPage.vue,erp-ui-next/src/app/router/route-access.test.ts,平台骨架已验证，最终浏览器矩阵待确认,部分实现,docs/ERP-NEW_2-前端平台能力权限动作同源门禁切片检查点-20260803.md,已实现默认拒绝与无权访问路由；尚缺系统状态页专属渲染测试和真实会话浏览器矩阵。
erp-ui/src/views/error/404.vue,重设计,/:pathMatch(.*)*,erp-ui-next/src/pages/system/NotFoundPage.vue,erp-ui-next/src/app/router/route-access.test.ts,平台骨架已验证，最终浏览器矩阵待确认,部分实现,erp-ui-next/src/app/router/routes.ts,已实现未知路由兜底；尚缺系统状态页专属渲染测试和真实浏览器矩阵。
erp-ui/src/views/system/userNotification/index.vue,重设计,/messages,erp-ui-next/src/pages/messages/MessagesPage.vue | erp-ui-next/src/domains/messages/message.model.ts | erp-ui-next/src/domains/messages/message.contract.ts | erp-ui-next/src/domains/messages/message.gateway.ts | erp-ui-next/src/domains/messages/message.http.ts,erp-ui-next/src/pages/messages/MessagesPage.test.ts | erp-ui-next/src/domains/messages/message.contract.test.ts | erp-ui-next/src/domains/messages/message.gateway.test.ts | erp-ui-next/src/domains/messages/message.http.test.ts | erp-ui-next/src/app/router/route-access.test.ts | erp-ui-next/src/app/shell/navigation.test.ts,个人消息独立重设计已完成前端切片，领域迁移待确认,部分实现,docs/ERP-NEW_2-阶段6个人消息中心前端垂直切片实施计划-20260803.md | docs/ERP-NEW_2-阶段6个人消息中心前端垂直切片检查点-20260803.md,默认仅注入隔离 Mock；真实 HTTP 适配器保持未注入。后端分页、批量已读、强写回执和旧 OA 深链迁移仍待确认；系统公告继续保持独立能力。
erp-ui/src/views/inventory/stock/index.vue,重设计,/inventory/stock | /inventory/stock/:stockId | /inventory/stock/movements,erp-ui-next/src/pages/inventory/stock/StockWorkbenchPage.vue | erp-ui-next/src/pages/inventory/stock/StockDetailPage.vue | erp-ui-next/src/pages/inventory/stock/StockMovementWorkbenchPage.vue | erp-ui-next/src/design-system/components/ErpConfirmationDialog.vue | erp-ui-next/src/domains/inventory/stock/stock.model.ts | erp-ui-next/src/domains/inventory/stock/stock.contract.ts | erp-ui-next/src/domains/inventory/stock/stock-command.contract.ts | erp-ui-next/src/domains/inventory/stock/stock.gateway.ts | erp-ui-next/src/domains/inventory/stock/stock.http.ts,erp-ui-next/src/pages/inventory/stock/StockWorkbenchPage.test.ts | erp-ui-next/src/pages/inventory/stock/StockDetailPage.test.ts | erp-ui-next/src/pages/inventory/stock/StockMovementWorkbenchPage.test.ts | erp-ui-next/src/design-system/components/ErpConfirmationDialog.test.ts | erp-ui-next/src/domains/inventory/stock/stock.contract.test.ts | erp-ui-next/src/domains/inventory/stock/stock-command.contract.test.ts | erp-ui-next/src/domains/inventory/stock/stock.gateway.test.ts | erp-ui-next/src/domains/inventory/stock/stock.http.test.ts | erp-ui-next/src/api/http/http-client.test.ts | erp-ui-next/src/app/router/route-access.test.ts | erp-ui-next/src/app/shell/navigation.test.ts,库存现状、详情、严格调整、流水和受控导出离线闭环已完成，真实独立运行环境验收待确认,部分实现,docs/ERP-NEW_2-阶段6库存现状工作台前端垂直切片实施计划-20260803.md | docs/ERP-NEW_2-阶段6库存现状工作台前端垂直切片检查点-20260803.md | docs/ERP-NEW_2-阶段6库存管理闭环实施计划-20260809.md | docs/ERP-NEW_2-阶段6库存管理闭环检查点-20260809.md,真实库存列表、汇总、详情、严格版本化调整、流水与有界 Excel 导出 Gateway 已接入；当前组织是唯一写边界且授权可见库存只读；前后端均强制 no-store 并按 inv:cost:view 脱敏成本；调整必须 CSRF、幂等请求标识、行锁、乐观版本和二次确认。分类树筛选与任意组织选择未迁移；真实独立 MySQL、Redis、Nacos、浏览器 E2E 和生产等价验收仍未执行。
erp-ui/src/views/inventory/stock/log.vue,重设计,/inventory/stock/movements,erp-ui-next/src/pages/inventory/stock/StockMovementWorkbenchPage.vue | erp-ui-next/src/design-system/components/ErpConfirmationDialog.vue | erp-ui-next/src/domains/inventory/stock/stock.model.ts | erp-ui-next/src/domains/inventory/stock/stock.contract.ts | erp-ui-next/src/domains/inventory/stock/stock.gateway.ts | erp-ui-next/src/domains/inventory/stock/stock.http.ts,erp-ui-next/src/pages/inventory/stock/StockMovementWorkbenchPage.test.ts | erp-ui-next/src/design-system/components/ErpConfirmationDialog.test.ts | erp-ui-next/src/domains/inventory/stock/stock.contract.test.ts | erp-ui-next/src/domains/inventory/stock/stock.gateway.test.ts | erp-ui-next/src/domains/inventory/stock/stock.http.test.ts | erp-ui-next/src/app/router/route-access.test.ts,库存流水查询、业务追溯和受控导出离线闭环已完成，真实独立运行环境验收待确认,部分实现,docs/ERP-NEW_2-阶段6库存管理闭环实施计划-20260809.md | docs/ERP-NEW_2-阶段6库存管理闭环检查点-20260809.md,流水仅查询当前精确门店或仓库并支持物料、批次、库位、变动类型、业务单号和日期筛选；页面展示操作人、前后数量和业务凭据；导出经过二次确认、有界响应与 no-store 校验；成本由服务端和页面按 inv:cost:view 双重约束。真实运行环境、浏览器 E2E 和生产等价验收仍未执行。
erp-ui/src/views/inventory/purchase/index.vue,重设计,/inventory/purchase | /inventory/purchase/new | /inventory/purchase/:orderId/edit | /inventory/purchase/:orderId | /inventory/purchase/:orderId/receive | /inventory/purchase/:orderId/quality-check,erp-ui-next/src/pages/inventory/purchase/PurchaseWorkbenchPage.vue | erp-ui-next/src/pages/inventory/purchase/PurchaseEditorPage.vue | erp-ui-next/src/pages/inventory/purchase/PurchaseDetailPage.vue | erp-ui-next/src/pages/inventory/purchase/PurchaseReceivePage.vue | erp-ui-next/src/pages/inventory/purchase/PurchaseQualityCheckPage.vue | erp-ui-next/src/pages/inventory/purchase/PurchaseConfirmationDialog.vue | erp-ui-next/src/domains/inventory/purchase/purchase.model.ts | erp-ui-next/src/domains/inventory/purchase/purchase-command.contract.ts | erp-ui-next/src/domains/inventory/purchase/purchase.gateway.ts | erp-ui-next/src/domains/inventory/purchase/purchase.http.ts,erp-ui-next/src/pages/inventory/purchase/PurchaseWorkbenchPage.test.ts | erp-ui-next/src/pages/inventory/purchase/PurchaseEditorPage.test.ts | erp-ui-next/src/pages/inventory/purchase/PurchaseDetailPage.test.ts | erp-ui-next/src/pages/inventory/purchase/PurchaseReceivePage.test.ts | erp-ui-next/src/pages/inventory/purchase/PurchaseQualityCheckPage.test.ts | erp-ui-next/src/pages/inventory/purchase/PurchaseConfirmationDialog.test.ts | erp-ui-next/src/domains/inventory/purchase/purchase.contract.test.ts | erp-ui-next/src/domains/inventory/purchase/purchase-command.contract.test.ts | erp-ui-next/src/domains/inventory/purchase/purchase.gateway.test.ts | erp-ui-next/src/domains/inventory/purchase/purchase.http.test.ts | erp-ui-next/src/test-support/mock-api/purchase.gateway.test.ts | erp-ui-next/src/app/router/purchase-routes.test.ts | erp-ui-next/src/app/shell/navigation.test.ts | erp-ui-next/src/api/http/http-client.test.ts,采购订单完整离线业务闭环已完成，真实独立运行环境验收待确认,部分实现,docs/ERP-NEW_2-阶段6采购订单完整业务闭环前端垂直切片实施计划-20260809.md | docs/ERP-NEW_2-阶段6采购订单完整业务闭环前端垂直切片检查点-20260809.md,真实采购订单列表、详情、供应商与三类物料目录、新建、草稿编辑、保存、保存并提交、按 ID 提交、分批收货、逐行质检、取消、草稿删除、完整追溯、附件上传与有界 Excel 导出 Gateway 已接入；严格限定当前精确仓库并强制 no-store、CSRF、幂等请求标识、Long 字符串、十进制精度、受信任本地附件路径及响应组织校验。后端补齐服务端权威快照、并发状态与受影响行数检查、收货批次和质检附件追溯。真实 MySQL、Redis、Nacos、独立上传目录、浏览器 E2E 和生产等价验收仍未执行；上架仍沿用质检合格直接入库的现有确认规则。
erp-ui/src/views/inventory/product/index.vue,重设计,/inventory/products | /inventory/products/new | /inventory/products/:productId | /inventory/products/:productId/edit,erp-ui-next/src/pages/inventory/products/ProductCatalogPage.vue | erp-ui-next/src/pages/inventory/products/ProductDetailPage.vue | erp-ui-next/src/pages/inventory/products/ProductEditorPage.vue | erp-ui-next/src/domains/inventory/products/product.model.ts | erp-ui-next/src/domains/inventory/products/product.contract.ts | erp-ui-next/src/domains/inventory/products/product-command.contract.ts | erp-ui-next/src/domains/inventory/products/product.gateway.ts | erp-ui-next/src/domains/inventory/products/product.http.ts,erp-ui-next/src/pages/inventory/products/ProductCatalogPage.test.ts | erp-ui-next/src/pages/inventory/products/ProductDetailPage.test.ts | erp-ui-next/src/pages/inventory/products/ProductEditorPage.test.ts | erp-ui-next/src/domains/inventory/products/product.contract.test.ts | erp-ui-next/src/domains/inventory/products/product-command.contract.test.ts | erp-ui-next/src/domains/inventory/products/product.gateway.test.ts | erp-ui-next/src/domains/inventory/products/product.http.test.ts | erp-ui-next/src/app/router/route-access.test.ts | erp-ui-next/src/app/shell/navigation.test.ts | erp-ui-next/src/platform/permissions/permission.test.ts,商品目录、详情以及仓库新增、编辑、停启用和删除离线闭环已完成，图片/导入导出/成本维护与真实运行验收待确认,部分实现,docs/ERP-NEW_2-阶段6商品目录只读工作台前端垂直切片实施计划-20260809.md | docs/ERP-NEW_2-阶段6商品目录只读工作台前端垂直切片检查点-20260809.md | docs/ERP-NEW_2-阶段6商品详情只读闭环前端垂直切片实施计划-20260809.md | docs/ERP-NEW_2-阶段6商品详情只读闭环前端垂直切片检查点-20260809.md | docs/ERP-NEW_2-阶段6商品主数据维护命令前端垂直切片实施计划-20260809.md | docs/ERP-NEW_2-阶段6商品主数据维护命令前端垂直切片检查点-20260809.md,真实商品列表、详情、分类树、启用合作供应商选项以及新增/更新/删除 HTTP Gateway 已接入，强制 Dept-NumId、CSRF、双幂等标识、no-store 和运行时白名单契约；仓库可维护后端授权范围内的共享商品，新增结果必须属于当前仓库；无 inv:cost:view 时后端阻止成本写入并脱敏响应。当前已覆盖列表、详情、筛选分页、销售参考价、安全库存、供应商选择、新增、编辑、停启用和两步删除，并提供独立商品分类与供应商主数据维护入口；图片、商品导入导出、采购/成本维护及真实浏览器生产等价验收仍未迁移。
erp-ui/src/views/inventory/stockCheck/index.vue,重设计,/inventory/stock-check | /inventory/stock-check/new | /inventory/stock-check/:checkId,erp-ui-next/src/pages/inventory/stock-check/StockCheckWorkbenchPage.vue | erp-ui-next/src/pages/inventory/stock-check/StockCheckCreatePage.vue | erp-ui-next/src/pages/inventory/stock-check/StockCheckDetailPage.vue | erp-ui-next/src/design-system/components/ErpConfirmationDialog.vue | erp-ui-next/src/domains/inventory/stock-check/stock-check.model.ts | erp-ui-next/src/domains/inventory/stock-check/stock-check.contract.ts | erp-ui-next/src/domains/inventory/stock-check/stock-check-command.contract.ts | erp-ui-next/src/domains/inventory/stock-check/stock-check.gateway.ts | erp-ui-next/src/domains/inventory/stock-check/stock-check.http.ts | erp-ui-next/src/domains/inventory/stock-check/stock-check.presentation.ts,erp-ui-next/src/pages/inventory/stock-check/StockCheckWorkbenchPage.test.ts | erp-ui-next/src/pages/inventory/stock-check/StockCheckCreatePage.test.ts | erp-ui-next/src/pages/inventory/stock-check/StockCheckDetailPage.test.ts | erp-ui-next/src/design-system/components/ErpConfirmationDialog.test.ts | erp-ui-next/src/domains/inventory/stock-check/stock-check.contract.test.ts | erp-ui-next/src/domains/inventory/stock-check/stock-check-command.contract.test.ts | erp-ui-next/src/domains/inventory/stock-check/stock-check.gateway.test.ts | erp-ui-next/src/domains/inventory/stock-check/stock-check.http.test.ts | erp-ui-next/src/app/router/stock-check-routes.test.ts | erp-ui-next/src/domains/todos/todo.target.test.ts | erp-ui-next/src/platform/navigation/task-deep-link.test.ts,库存盘点全生命周期离线闭环已完成，真实独立运行环境验收待确认,部分实现,docs/ERP-NEW_2-阶段6库存盘点只读工作台前端垂直切片实施计划-20260803.md | docs/ERP-NEW_2-阶段6库存盘点只读工作台前端垂直切片检查点-20260803.md | docs/ERP-NEW_2-阶段6库存盘点完整生命周期业务闭环实施计划-20260809.md | docs/ERP-NEW_2-阶段6库存盘点完整生命周期业务闭环检查点-20260810.md,真实列表、详情、创建、候选人、指派、盘点录入与复盘、提交、重盘、待办审批、旧流程同意与驳回、新流程审批中心跳转与撤回、取消、草稿删除、不可变审批轨迹和有界 Excel 导出 Gateway 已接入；当前精确门店或仓库为组织边界，前后端强制 no-store、CSRF、Dept-NumId、请求与幂等标识、Long、日期和十进制契约；成本按 inv:cost:view 服务端脱敏，盲盘数量在提交前保护，待办深链精确到业务 ID。当前默认使用隔离 Mock；真实独立 MySQL、Redis、Nacos、浏览器 E2E 和生产等价验收仍未执行。
erp-ui/src/views/inventory/report/index.vue,重设计,/inventory/report,erp-ui-next/src/pages/inventory/report/InventoryReportPage.vue | erp-ui-next/src/design-system/components/ErpConfirmationDialog.vue | erp-ui-next/src/domains/inventory/report/report.model.ts | erp-ui-next/src/domains/inventory/report/report.contract.ts | erp-ui-next/src/domains/inventory/report/report.gateway.ts | erp-ui-next/src/domains/inventory/report/report.http.ts,erp-ui-next/src/pages/inventory/report/InventoryReportPage.test.ts | erp-ui-next/src/design-system/components/ErpConfirmationDialog.test.ts | erp-ui-next/src/domains/inventory/report/report.contract.test.ts | erp-ui-next/src/domains/inventory/report/report.gateway.test.ts | erp-ui-next/src/domains/inventory/report/report.http.test.ts | erp-modules/erp-inventory/src/test/java/com/erp/inventory/controller/InvReportControllerTest.java | erp-modules/erp-inventory/src/test/java/com/erp/inventory/domain/vo/InvReportWarningExportRowTest.java | erp-modules/erp-inventory/src/test/java/com/erp/inventory/service/impl/InvReportServiceImplTest.java | erp-modules/erp-inventory/src/test/java/com/erp/inventory/mapper/InvReportMapperBindingTest.java | erp-modules/erp-inventory/src/test/java/com/erp/inventory/sql/InvReportExportPermissionSqlSourceTest.java | erp-ui-next/src/app/router/route-access.test.ts | erp-ui-next/src/app/shell/navigation.test.ts,库存报表安全核对与受控导出离线闭环已完成，真实独立运行环境验收待确认,部分实现,docs/ERP-NEW_2-阶段6库存报表只读工作台前端垂直切片实施计划-20260803.md | docs/ERP-NEW_2-阶段6库存报表只读工作台前端垂直切片检查点-20260803.md | docs/ERP-NEW_2-阶段6库存报表安全核对与受控导出闭环实施计划-20260810.md | docs/ERP-NEW_2-阶段6库存报表安全核对与受控导出闭环检查点-20260810.md,真实 summary 已按 inv:cost:view 服务端脱敏且所有报表响应强制 no-store；当前组织商品候选不依赖商品主数据权限；预警可精确进入库存详情并按目标权限提供库存采购销售核对入口；inv:report:export 独立控制安全字段 Excel 导出并使用最近成功筛选。趋势图、口径版本、跨组织汇总、报表配置、真实独立服务、浏览器 E2E 和生产等价验收仍未完成。
erp-ui/src/views/inventory/customer/index.vue,重设计,/customers/service-cards,erp-ui-next/src/pages/customers/service-card/CustomerServiceCardPage.vue | erp-ui-next/src/domains/customers/service-card/service-card.model.ts | erp-ui-next/src/domains/customers/service-card/service-card.contract.ts | erp-ui-next/src/domains/customers/service-card/service-card.gateway.ts | erp-ui-next/src/domains/customers/service-card/service-card.http.ts,erp-ui-next/src/pages/customers/service-card/CustomerServiceCardPage.test.ts | erp-ui-next/src/domains/customers/service-card/service-card.contract.test.ts | erp-ui-next/src/domains/customers/service-card/service-card.gateway.test.ts | erp-ui-next/src/domains/customers/service-card/service-card.http.test.ts | erp-ui-next/src/app/router/route-access.test.ts | erp-ui-next/src/app/shell/navigation.test.ts,客户服务卡只读前端切片已完成，客户与销售完整迁移待确认,部分实现,docs/ERP-NEW_2-阶段6客户服务卡只读工作台前端垂直切片实施计划-20260803.md | docs/ERP-NEW_2-阶段6客户服务卡只读工作台前端垂直切片检查点-20260803.md,默认仅注入 ERP-NEW_2 脱敏 Mock；真实 list HTTP Reader 保持未注入并显式使用 Dept-NumId。Reader 强制响应 no-store 并拒绝跨门店记录；新模型丢弃信用账期地址邮箱服务记录照片节点和内部版本。详情、照片、审计、写操作、销售联动和生产接线均未迁移。
erp-ui/src/views/inventory/sales/index.vue,重设计,/sales/orders,erp-ui-next/src/pages/sales/orders/SalesOrderWorkbenchPage.vue | erp-ui-next/src/domains/sales/orders/sales-order.model.ts | erp-ui-next/src/domains/sales/orders/sales-order.contract.ts | erp-ui-next/src/domains/sales/orders/sales-order.gateway.ts | erp-ui-next/src/domains/sales/orders/sales-order.http.ts,erp-ui-next/src/pages/sales/orders/SalesOrderWorkbenchPage.test.ts | erp-ui-next/src/domains/sales/orders/sales-order.contract.test.ts | erp-ui-next/src/domains/sales/orders/sales-order.gateway.test.ts | erp-ui-next/src/domains/sales/orders/sales-order.http.test.ts | erp-ui-next/src/app/router/route-access.test.ts | erp-ui-next/src/app/shell/navigation.test.ts,销售订单只读前端切片已完成，销售退货配送与完整业务闭环待确认,部分实现,docs/ERP-NEW_2-阶段6销售订单只读工作台前端垂直切片实施计划-20260803.md | docs/ERP-NEW_2-阶段6销售订单只读工作台前端垂直切片检查点-20260803.md,默认仅注入 ERP-NEW_2 脱敏 Mock；真实 list HTTP Reader 保持未注入并显式使用 Dept-NumId。当前只覆盖当前门店列表筛选分页金额和履约状态；跨单位数量聚合在契约层丢弃。详情、我的订单、新建、编辑、保存、提交、取消、导出、配送通知、发货、退货和生产接线均未迁移。
erp-ui/src/views/inventory/salesReturn/index.vue,重设计,/sales/returns,erp-ui-next/src/pages/sales/returns/SalesReturnWorkbenchPage.vue | erp-ui-next/src/domains/sales/returns/sales-return.model.ts | erp-ui-next/src/domains/sales/returns/sales-return.contract.ts | erp-ui-next/src/domains/sales/returns/sales-return.gateway.ts | erp-ui-next/src/domains/sales/returns/sales-return.http.ts,erp-ui-next/src/pages/sales/returns/SalesReturnWorkbenchPage.test.ts | erp-ui-next/src/domains/sales/returns/sales-return.contract.test.ts | erp-ui-next/src/domains/sales/returns/sales-return.gateway.test.ts | erp-ui-next/src/domains/sales/returns/sales-return.http.test.ts | erp-ui-next/src/app/router/route-access.test.ts | erp-ui-next/src/app/shell/navigation.test.ts,销售退货只读前端切片已完成，售后退货业务闭环待确认,部分实现,docs/ERP-NEW_2-阶段6销售退货只读工作台前端垂直切片实施计划-20260803.md | docs/ERP-NEW_2-阶段6销售退货只读工作台前端垂直切片检查点-20260803.md,默认仅注入 ERP-NEW_2 脱敏 Mock；真实 list HTTP Reader 保持未注入并显式使用 Dept-NumId。当前只覆盖当前门店列表筛选分页金额来源销售单和处理状态；跨单位数量聚合在契约层丢弃。我的退货、详情、新建、编辑、保存、提交、确认退货、取消、导出、原单明细选择和生产接线均未迁移。
erp-ui/src/views/inventory/deliveryNotice/index.vue,重设计,/sales/delivery-notices,erp-ui-next/src/pages/sales/delivery-notices/DeliveryNoticeWorkbenchPage.vue | erp-ui-next/src/domains/sales/delivery-notices/delivery-notice.model.ts | erp-ui-next/src/domains/sales/delivery-notices/delivery-notice.contract.ts | erp-ui-next/src/domains/sales/delivery-notices/delivery-notice.gateway.ts | erp-ui-next/src/domains/sales/delivery-notices/delivery-notice.http.ts,erp-ui-next/src/pages/sales/delivery-notices/DeliveryNoticeWorkbenchPage.test.ts | erp-ui-next/src/domains/sales/delivery-notices/delivery-notice.contract.test.ts | erp-ui-next/src/domains/sales/delivery-notices/delivery-notice.gateway.test.ts | erp-ui-next/src/domains/sales/delivery-notices/delivery-notice.http.test.ts | erp-ui-next/src/app/router/route-access.test.ts | erp-ui-next/src/app/shell/navigation.test.ts,配送通知只读前端切片已完成，配送发货业务闭环待确认,部分实现,docs/ERP-NEW_2-阶段6配送通知只读工作台前端垂直切片实施计划-20260803.md | docs/ERP-NEW_2-阶段6配送通知只读工作台前端垂直切片检查点-20260803.md,默认仅注入 ERP-NEW_2 脱敏 Mock；真实 list HTTP Reader 保持未注入并显式使用 Dept-NumId。当前只覆盖销售门店或唯一发货仓库范围内的列表筛选分页来源销售单和处理状态；跨单位数量聚合在契约层丢弃，仓库归属不明确时失败关闭。详情、生成通知、执行发货、取消、导出、库存扣减、跨店调拨和生产接线均未迁移。
erp-ui/src/views/oa/purchase/index.vue,重设计,/oa/purchases,erp-ui-next/src/pages/oa/purchases/OaPurchaseWorkbenchPage.vue | erp-ui-next/src/domains/oa/purchases/oa-purchase.model.ts | erp-ui-next/src/domains/oa/purchases/oa-purchase.contract.ts | erp-ui-next/src/domains/oa/purchases/oa-purchase.gateway.ts | erp-ui-next/src/domains/oa/purchases/oa-purchase.http.ts,erp-ui-next/src/pages/oa/purchases/OaPurchaseWorkbenchPage.test.ts | erp-ui-next/src/domains/oa/purchases/oa-purchase.contract.test.ts | erp-ui-next/src/domains/oa/purchases/oa-purchase.gateway.test.ts | erp-ui-next/src/domains/oa/purchases/oa-purchase.http.test.ts | erp-ui-next/src/app/router/route-access.test.ts | erp-ui-next/src/app/shell/navigation.test.ts,OA采购申请只读前端切片已完成，OA与统一审批完整闭环待确认,部分实现,docs/ERP-NEW_2-阶段6OA采购申请只读工作台前端垂直切片实施计划-20260803.md | docs/ERP-NEW_2-阶段6OA采购申请只读工作台前端垂直切片检查点-20260803.md,默认仅注入 ERP-NEW_2 脱敏 Mock；真实 my HTTP Reader 保持未注入并显式使用 Dept-NumId。当前只覆盖当前登录申请人在当前店铺或仓库范围内的列表筛选分页金额审批轮次和状态；跨申请人或跨组织记录失败关闭。详情、新建、编辑、保存、提交、撤回、关闭、审批轨迹、审批动作、导出和生产接线均未迁移。
erp-ui/src/views/approval/manage/components/RuntimeMonitor.vue,重设计,/approvals/instances,erp-ui-next/src/pages/approvals/instances/ApprovalInstanceWorkbenchPage.vue | erp-ui-next/src/pages/approvals/instances/ApprovalInstanceDetailPanel.vue | erp-ui-next/src/pages/approvals/instances/ApprovalAdminActionDialog.vue | erp-ui-next/src/domains/approvals/instances/approval-instance.model.ts | erp-ui-next/src/domains/approvals/instances/approval-instance.contract.ts | erp-ui-next/src/domains/approvals/instances/approval-instance-detail.contract.ts | erp-ui-next/src/domains/approvals/instances/approval-instance-admin.contract.ts | erp-ui-next/src/domains/approvals/instances/approval-instance.gateway.ts | erp-ui-next/src/domains/approvals/instances/approval-instance.http.ts,erp-ui-next/src/pages/approvals/instances/ApprovalInstanceWorkbenchPage.test.ts | erp-ui-next/src/pages/approvals/instances/ApprovalInstanceDetailPanel.test.ts | erp-ui-next/src/pages/approvals/instances/ApprovalAdminActionDialog.test.ts | erp-ui-next/src/domains/approvals/instances/approval-instance.contract.test.ts | erp-ui-next/src/domains/approvals/instances/approval-instance-detail.contract.test.ts | erp-ui-next/src/domains/approvals/instances/approval-instance-admin.contract.test.ts | erp-ui-next/src/domains/approvals/instances/approval-instance.gateway.test.ts | erp-ui-next/src/domains/approvals/instances/approval-instance.http.test.ts | erp-ui-next/src/app/router/route-access.test.ts | erp-ui-next/src/app/shell/navigation.test.ts,统一审批实例安全详情与管理员异常处置前端切片已完成，个人审批和真实统一审批闭环待确认,部分实现,docs/ERP-NEW_2-阶段6统一审批实例只读监控前端垂直切片实施计划-20260803.md | docs/ERP-NEW_2-阶段6统一审批实例只读监控前端垂直切片检查点-20260803.md | docs/ERP-NEW_2-阶段6审批实例详情与管理员异常处置前端垂直切片实施计划-20260803.md | docs/ERP-NEW_2-阶段6审批实例详情与管理员异常处置前端垂直切片检查点-20260803.md,默认仅注入 ERP-NEW_2 跨组织脱敏可变 Mock；真实列表和详情 Reader 及三个 Writer 保持未注入并省略组织头。当前覆盖原生实例列表筛选分页、安全详情、任务候选人、追加审计、回调状态以及按独立权限和前置状态开放的终止改派与回调重放；响应必须 no-store，写命令必须 CSRF 和幂等请求标识。旧引擎聚合、个人审批动作、目录用户搜索、自动转交、流程配置写入、规则发布、后端缓存权限修复和生产接线均未迁移。
erp-ui/src/views/approval/manage/components/AdminActionDialog.vue,重设计,/approvals/instances,erp-ui-next/src/pages/approvals/instances/ApprovalAdminActionDialog.vue | erp-ui-next/src/pages/approvals/instances/ApprovalInstanceDetailPanel.vue | erp-ui-next/src/pages/approvals/instances/ApprovalInstanceWorkbenchPage.vue | erp-ui-next/src/domains/approvals/instances/approval-instance-admin.contract.ts | erp-ui-next/src/domains/approvals/instances/approval-instance-detail.contract.ts | erp-ui-next/src/domains/approvals/instances/approval-instance.gateway.ts | erp-ui-next/src/domains/approvals/instances/approval-instance.http.ts,erp-ui-next/src/pages/approvals/instances/ApprovalAdminActionDialog.test.ts | erp-ui-next/src/pages/approvals/instances/ApprovalInstanceDetailPanel.test.ts | erp-ui-next/src/pages/approvals/instances/ApprovalInstanceWorkbenchPage.test.ts | erp-ui-next/src/domains/approvals/instances/approval-instance-admin.contract.test.ts | erp-ui-next/src/domains/approvals/instances/approval-instance-detail.contract.test.ts | erp-ui-next/src/domains/approvals/instances/approval-instance.gateway.test.ts | erp-ui-next/src/domains/approvals/instances/approval-instance.http.test.ts,管理员异常处置前端骨架已完成，目录搜索与真实统一审批闭环待确认,部分实现,docs/ERP-NEW_2-阶段6审批实例详情与管理员异常处置前端垂直切片实施计划-20260803.md | docs/ERP-NEW_2-阶段6审批实例详情与管理员异常处置前端垂直切片检查点-20260803.md,旧对话框的任意管理员动作入口被拆成终止实例、改派当前待办候选人和重放异常回调三个显式命令；每个命令独立权限、固定前置状态、必填原因、二次确认、CSRF 和幂等请求标识。内部目标 ID 不能手填，默认仅修改隔离 Mock 内存；目录用户搜索、自动转交、真实 Writer 和后端权限缓存修复均未迁移。
erp-ui/src/views/approval/manage/components/FlowConfiguration.vue,重设计,/approvals/definitions,erp-ui-next/src/pages/approvals/definitions/ApprovalDefinitionWorkbenchPage.vue | erp-ui-next/src/domains/approvals/definitions/approval-definition.model.ts | erp-ui-next/src/domains/approvals/definitions/approval-definition.contract.ts | erp-ui-next/src/domains/approvals/definitions/approval-definition.gateway.ts | erp-ui-next/src/domains/approvals/definitions/approval-definition.http.ts,erp-ui-next/src/pages/approvals/definitions/ApprovalDefinitionWorkbenchPage.test.ts | erp-ui-next/src/domains/approvals/definitions/approval-definition.contract.test.ts | erp-ui-next/src/domains/approvals/definitions/approval-definition.gateway.test.ts | erp-ui-next/src/domains/approvals/definitions/approval-definition.http.test.ts | erp-ui-next/src/app/router/route-access.test.ts | erp-ui-next/src/app/shell/navigation.test.ts,审批流程定义只读目录前端切片已完成，规则版本与审批配置闭环待确认,部分实现,docs/ERP-NEW_2-阶段6审批流程定义只读目录前端垂直切片实施计划-20260803.md | docs/ERP-NEW_2-阶段6审批流程定义只读目录前端垂直切片检查点-20260803.md,默认仅注入 ERP-NEW_2 跨组织脱敏 Mock；真实 templates HTTP Reader 保持未注入并省略组织头。当前只覆盖审批业务模板列表筛选分页引擎与定义模式；响应必须 no-store 且适配器回调锁版本审计字段在契约层丢弃。模板详情、规则、版本、草稿、编辑、发布、停用、预览、配置检查和生产接线均未迁移。
erp-ui/src/views/approval/manage/components/ValidationPanel.vue,重设计,/approvals/validation,erp-ui-next/src/pages/approvals/validation/ApprovalValidationWorkbenchPage.vue | erp-ui-next/src/pages/approvals/validation/ApprovalValidationRunDialog.vue | erp-ui-next/src/domains/approvals/validation/approval-validation.model.ts | erp-ui-next/src/domains/approvals/validation/approval-validation.contract.ts | erp-ui-next/src/domains/approvals/validation/approval-validation-command.contract.ts | erp-ui-next/src/domains/approvals/validation/approval-validation.gateway.ts | erp-ui-next/src/domains/approvals/validation/approval-validation.http.ts,erp-ui-next/src/pages/approvals/validation/ApprovalValidationWorkbenchPage.test.ts | erp-ui-next/src/pages/approvals/validation/ApprovalValidationRunDialog.test.ts | erp-ui-next/src/domains/approvals/validation/approval-validation.contract.test.ts | erp-ui-next/src/domains/approvals/validation/approval-validation-command.contract.test.ts | erp-ui-next/src/domains/approvals/validation/approval-validation.gateway.test.ts | erp-ui-next/src/domains/approvals/validation/approval-validation.http.test.ts | erp-ui-next/src/app/router/route-access.test.ts | erp-ui-next/src/app/shell/navigation.test.ts,审批配置检查读取与执行命令前端切片已完成，规则修复与真实闭环待确认,部分实现,docs/ERP-NEW_2-阶段6审批配置检查只读工作台前端垂直切片实施计划-20260803.md | docs/ERP-NEW_2-阶段6审批配置检查只读工作台前端垂直切片检查点-20260803.md | docs/ERP-NEW_2-阶段6审批配置检查执行命令前端垂直切片实施计划-20260803.md | docs/ERP-NEW_2-阶段6审批配置检查执行命令前端垂直切片检查点-20260803.md,默认仅注入 ERP-NEW_2 跨组织脱敏可变 Mock；真实 runs Reader、问题明细 Reader 与执行 Writer 保持未注入并省略组织头。当前覆盖批次列表、问题明细及按独立权限和精确版本执行检查；POST 只发送 versionId 与 validationType、必须 CSRF 和 no-store。后端无业务幂等协议时不自动重试；规则修复、规则与版本编辑、发布、导出、生产接线和旧页面下线仍未迁移。
erp-ui/src/views/approval/manage/components/RuleWizard.vue,重设计,/approvals/rules,erp-ui-next/src/pages/approvals/rules/ApprovalRuleAuditPage.vue | erp-ui-next/src/pages/approvals/rules/ApprovalRuleEditorPanel.vue | erp-ui-next/src/domains/approvals/rules/approval-rule.model.ts | erp-ui-next/src/domains/approvals/rules/approval-rule.contract.ts | erp-ui-next/src/domains/approvals/rules/approval-rule-command.model.ts | erp-ui-next/src/domains/approvals/rules/approval-rule-command.contract.ts | erp-ui-next/src/domains/approvals/rules/approval-rule.gateway.ts | erp-ui-next/src/domains/approvals/rules/approval-rule.http.ts,erp-ui-next/src/pages/approvals/rules/ApprovalRuleAuditPage.test.ts | erp-ui-next/src/pages/approvals/rules/ApprovalRuleEditorPanel.test.ts | erp-ui-next/src/domains/approvals/rules/approval-rule.contract.test.ts | erp-ui-next/src/domains/approvals/rules/approval-rule-command.contract.test.ts | erp-ui-next/src/domains/approvals/rules/approval-rule-command.http.test.ts | erp-ui-next/src/domains/approvals/rules/approval-rule.gateway.test.ts | erp-ui-next/src/domains/approvals/rules/approval-rule.http.test.ts | erp-ui-next/src/app/router/route-access.test.ts | erp-ui-next/src/app/shell/navigation.test.ts,统一规则中心方案已确认；库存调拨固定模板写闭环完成；其他审批业务继续只读,部分实现,docs/ERP-NEW_2-阶段6统一审批规则草稿发布与调拨规则归并实施计划-20260810.md | docs/ERP-NEW_2-阶段6统一审批规则草稿发布与调拨规则归并检查点-20260810.md,INV_TRANSFER 新建规则与初始草稿、复制草稿、受控条件保存、固定四节点核对、候选人预览、发布和停用均接统一版本化接口；CSRF、稳定请求标识、幂等头、乐观锁、no-store 和编辑发布权限已冻结。其他审批模板保持只读；配置检查仍由既有独立工作台承载；未连接真实服务。
erp-ui/src/views/inventory/transfer/rules.vue,合并,/approvals/rules,erp-ui-next/src/pages/approvals/rules/ApprovalRuleAuditPage.vue | erp-ui-next/src/pages/approvals/rules/ApprovalRuleEditorPanel.vue | erp-ui-next/src/domains/approvals/rules/approval-rule-command.contract.ts | erp-ui-next/src/domains/approvals/rules/approval-rule.http.ts,erp-ui-next/src/pages/approvals/rules/ApprovalRuleEditorPanel.test.ts | erp-ui-next/src/domains/approvals/rules/approval-rule-command.contract.test.ts | erp-ui-next/src/domains/approvals/rules/approval-rule-command.http.test.ts | erp-ui-next/src/domains/approvals/rules/approval-rule.gateway.test.ts,已确认（统一事实源；旧链只作兼容回退）,部分实现,docs/ERP-NEW_2-阶段6统一审批规则草稿发布与调拨规则归并实施计划-20260810.md | docs/ERP-NEW_2-阶段6统一审批规则草稿发布与调拨规则归并检查点-20260810.md,新前端不调用 inventory/transferApprovalRule 写接口；调拨规则统一使用 approval/rules 与 approval/versions，固定四节点由前后端双重失败关闭。旧后端和旧页面未删除，未迁移数据，运行开关未切换；真实独立运行环境验收仍待执行。
erp-ui/src/views/credential/change-password.vue,重设计,/credential/change-password,erp-ui-next/src/pages/account/CredentialChangePage.vue | erp-ui-next/src/pages/account/AccountAccessShell.vue | erp-ui-next/src/pages/account/AccountPasswordPanel.vue | erp-ui-next/src/domains/account/account.contract.ts | erp-ui-next/src/domains/account/account.http.ts | erp-ui-next/src/platform/session/session.http.ts,erp-ui-next/src/pages/account/AccountAdmissionPages.test.ts | erp-ui-next/src/pages/account/AccountPasswordPanel.test.ts | erp-ui-next/src/domains/account/account.contract.test.ts | erp-ui-next/src/domains/account/account.http.test.ts | erp-ui-next/src/platform/session/session.http.test.ts | erp-ui-next/src/app/router/route-access.test.ts | erp-modules/erp-system/src/test/java/com/erp/system/controller/SysProfileControllerTest.java,账户准入与单一响应式体验已确认；真实独立运行验收待执行,部分实现,docs/ERP-NEW_2-阶段4账户准入与响应式个人中心纵向切片实施计划-20260810.md,受限会话仅开放本人账户 Gateway；强制改密完成前不读取组织树且不开放业务 Gateway。密码按当前策略校验并在成功后清空浏览器表单；真实服务与浏览器 E2E 尚未执行。
erp-ui/src/views/mobile/profile/index.vue,合并,/account,erp-ui-next/src/pages/account/AccountCenterPage.vue | erp-ui-next/src/pages/account/AccountPasswordPanel.vue | erp-ui-next/src/domains/account/account.model.ts | erp-ui-next/src/domains/account/account.contract.ts | erp-ui-next/src/domains/account/account.http.ts,erp-ui-next/src/pages/account/AccountCenterPage.test.ts | erp-ui-next/src/pages/account/AccountPasswordPanel.test.ts | erp-ui-next/src/domains/account/account.contract.test.ts | erp-ui-next/src/domains/account/account.http.test.ts | erp-ui-next/src/app/shell/AppShell.test.ts,已确认（桌面与移动合并为单一响应式账户中心）,部分实现,docs/ERP-NEW_2-阶段4账户准入与响应式个人中心纵向切片实施计划-20260810.md,移动个人资料不再维护平行实现；与桌面共用账户模型、校验、Gateway 和响应式页面。账户写操作省略业务组织头并强制 CSRF 与稳定幂等标识；真实浏览器 E2E 尚未执行。
erp-ui/src/views/profile-completion/index.vue,重设计,/complete-profile,erp-ui-next/src/pages/account/ProfileCompletionPage.vue | erp-ui-next/src/pages/account/AccountAccessShell.vue | erp-ui-next/src/domains/account/account.model.ts | erp-ui-next/src/domains/account/account.contract.ts | erp-ui-next/src/domains/account/account.http.ts | erp-ui-next/src/platform/session/session.http.ts,erp-ui-next/src/pages/account/AccountAdmissionPages.test.ts | erp-ui-next/src/domains/account/account.contract.test.ts | erp-ui-next/src/domains/account/account.http.test.ts | erp-ui-next/src/platform/session/session.http.test.ts | erp-ui-next/src/app/router/route-access.test.ts | erp-modules/erp-system/src/test/java/com/erp/system/controller/SysProfileCompletionControllerTest.java | erp-modules/erp-system/src/test/java/com/erp/system/controller/SysProfileControllerTest.java,账户准入与单一响应式体验已确认；真实独立运行验收待执行,部分实现,docs/ERP-NEW_2-阶段4账户准入与响应式个人中心纵向切片实施计划-20260810.md,十五项入职资料在受限会话内补全；已保存证件号和银行卡号只返回脱敏投影且不会回填明文。保存后必须重新建立完整会话；真实数据库验收未执行。
erp-ui/src/views/system/user/profile/index.vue,重设计,/account,erp-ui-next/src/pages/account/AccountCenterPage.vue | erp-ui-next/src/pages/account/AccountPasswordPanel.vue | erp-ui-next/src/domains/account/account.model.ts | erp-ui-next/src/domains/account/account.contract.ts | erp-ui-next/src/domains/account/account.http.ts,erp-ui-next/src/pages/account/AccountCenterPage.test.ts | erp-ui-next/src/pages/account/AccountPasswordPanel.test.ts | erp-ui-next/src/domains/account/account.contract.test.ts | erp-ui-next/src/domains/account/account.http.test.ts | erp-ui-next/src/app/router/routes.test.ts | erp-ui-next/src/app/shell/AppShell.test.ts | erp-modules/erp-system/src/test/java/com/erp/system/controller/SysProfileControllerTest.java,账户中心纵向切片已确认；真实独立运行验收待执行,部分实现,docs/ERP-NEW_2-阶段4账户准入与响应式个人中心纵向切片实施计划-20260810.md,统一账户中心覆盖本人基本资料、头像、入职资料完整度和密码修改；不要求业务功能或菜单权限。响应严格白名单且禁止返回密码哈希；真实文件服务和浏览器 E2E 尚未执行。
erp-ui/src/views/system/user/profile/resetPwd.vue,合并,/account | /credential/change-password,erp-ui-next/src/pages/account/AccountPasswordPanel.vue | erp-ui-next/src/pages/account/CredentialChangePage.vue | erp-ui-next/src/domains/account/account.contract.ts | erp-ui-next/src/domains/account/account.http.ts,erp-ui-next/src/pages/account/AccountPasswordPanel.test.ts | erp-ui-next/src/pages/account/AccountAdmissionPages.test.ts | erp-ui-next/src/domains/account/account.contract.test.ts | erp-ui-next/src/domains/account/account.http.test.ts | erp-modules/erp-system/src/test/java/com/erp/system/controller/SysPasswordPolicyControllerTest.java | erp-modules/erp-system/src/test/java/com/erp/system/controller/SysProfileControllerTest.java,已确认（普通改密与强制改密共用安全密码面板）,部分实现,docs/ERP-NEW_2-阶段4账户准入与响应式个人中心纵向切片实施计划-20260810.md,普通改密与强制改密共用同一策略校验和本人密码接口；严格请求 DTO 拒绝未知字段并禁止密码留存在前端状态。强制改密无稍后入口；真实服务验收未执行。
erp-ui/src/views/system/user/profile/userAvatar.vue,合并,/account,erp-ui-next/src/pages/account/AccountCenterPage.vue | erp-ui-next/src/domains/account/account.contract.ts | erp-ui-next/src/domains/account/account.http.ts,erp-ui-next/src/pages/account/AccountCenterPage.test.ts | erp-ui-next/src/domains/account/account.contract.test.ts | erp-ui-next/src/domains/account/account.http.test.ts | erp-modules/erp-system/src/test/java/com/erp/system/controller/SysProfileControllerTest.java,已确认（头像维护合并到账户中心）,部分实现,docs/ERP-NEW_2-阶段4账户准入与响应式个人中心纵向切片实施计划-20260810.md,头像仅接受 JPEG 或 PNG 且前后端均限制为 5 MiB；上传返回值必须是 ERP-NEW_2 同源路径。未连接真实文件服务且未写入任何共享上传目录。
erp-ui/src/views/system/user/profile/userInfo.vue,合并,/account,erp-ui-next/src/pages/account/AccountCenterPage.vue | erp-ui-next/src/domains/account/account.model.ts | erp-ui-next/src/domains/account/account.contract.ts | erp-ui-next/src/domains/account/account.http.ts,erp-ui-next/src/pages/account/AccountCenterPage.test.ts | erp-ui-next/src/domains/account/account.contract.test.ts | erp-ui-next/src/domains/account/account.http.test.ts | erp-ui-next/src/platform/session/session.store.test.ts | erp-modules/erp-system/src/test/java/com/erp/system/controller/SysProfileControllerTest.java,已确认（本人基本资料合并到账户中心）,部分实现,docs/ERP-NEW_2-阶段4账户准入与响应式个人中心纵向切片实施计划-20260810.md,本人仅可修改姓名、邮箱、手机号和性别；账号、部门、角色和岗位保持只读。保存成功同步当前会话显示名；真实服务与浏览器 E2E 尚未执行。
